municipality_canonical,municipality_raw,barangay_raw,district,lat,lon
Ajuy,AJUY,Adcadarao,5,11.2114067645,123.008056661
Ajuy,AJUY,Agbobolo,5,11.2049943168,122.961542285
Ajuy,AJUY,Badiangan,5,11.1499311581,122.95422125
Ajuy,AJUY,Barrido,5,11.0931864425,122.995681255
Ajuy,AJUY,Bay-ang,5,11.0400293851,122.942064034
Ajuy,AJUY,Bucana Bunglas,5,11.1756971583,123.063506335
Ajuy,AJUY,Central,5,11.1960577582,123.022151281
Ajuy,AJUY,Culasi,5,11.0992219016,122.973940836
Ajuy,AJUY,Lanjagan,5,11.1939574761,123.032803318
Ajuy,AJUY,Luca,5,11.0751952037,122.942656509
Ajuy,AJUY,Malayu-an,5,11.1030867677,123.025890297
Ajuy,AJUY,Mangorocoro,5,11.1460431829,123.011592335
Ajuy,AJUY,Nasidman,5,11.0751284686,123.011639522
Ajuy,AJUY,Pantalan Nabaye,5,11.1347679697,123.045748587
Ajuy,AJUY,Pantalan Navarro,5,11.1862101764,123.055985684
Ajuy,AJUY,Pedada,5,11.0502517234,122.94951433
Ajuy,AJUY,Pili,5,11.1295527031,123.000046782
Ajuy,AJUY,Pinantan Diel,5,11.213864305,123.02789489
Ajuy,AJUY,Pinantan Elizalde,5,11.2067264156,123.039359253
Ajuy,AJUY,Pinay Espinosa,5,11.2201718566,123.029352038
Ajuy,AJUY,Poblacion,5,11.1772609336,123.014531892
Ajuy,AJUY,Progreso,5,11.1498496876,122.987092947
Ajuy,AJUY,Puente Bunglas,5,11.197158496,123.05118741
Ajuy,AJUY,Punta Buri,5,11.1145506786,123.120963888
Ajuy,AJUY,Rojas,5,11.1761071412,123.049687707
Ajuy,AJUY,San Antonio,5,11.1606351589,123.0065382
Ajuy,AJUY,Silagon,5,11.1547800418,123.07114509
Ajuy,AJUY,Tagubanhan,5,11.1386865613,123.110136005
Ajuy,AJUY,Taguhangin,5,11.182588227,123.038365575
Ajuy,AJUY,Tanduyan,5,11.2211930449,123.008697495
Ajuy,AJUY,Tipacla,5,11.1986345056,123.011797969
Alimodian,ALIMODIAN,Abang-abang,3,10.8598665944,122.371987779
Alimodian,ALIMODIAN,Agsing,3,10.8368916824,122.390780503
Alimodian,ALIMODIAN,Atabay,3,10.8679994649,122.400635137
Alimodian,ALIMODIAN,Ba-ong,3,10.8419530255,122.381205631
Alimodian,ALIMODIAN,Balabago,3,10.8060316047,122.424480517
Alimodian,ALIMODIAN,Ban-ag,3,10.8304924781,122.448726965
Alimodian,ALIMODIAN,Bancal,3,10.790179639,122.428270208
Alimodian,ALIMODIAN,Binalud,3,10.7983179216,122.420878779
Alimodian,ALIMODIAN,Bugang,3,10.8071101283,122.413012301
Alimodian,ALIMODIAN,Buhay,3,10.7878297366,122.435662009
Alimodian,ALIMODIAN,Cabacanan Proper,2,10.8975658253,122.322078525
Alimodian,ALIMODIAN,Cagay,3,10.8542731917,122.399474113
Alimodian,ALIMODIAN,Coline,2,10.8204717806,122.464028272
Alimodian,ALIMODIAN,Cunsad,3,10.8665473737,122.361288201
Alimodian,ALIMODIAN,Dalid,3,10.8590089172,122.4120875
Alimodian,ALIMODIAN,Gines,3,10.884293531,122.368425794
Alimodian,ALIMODIAN,Ginomoy,3,10.846925226,122.409639404
Alimodian,ALIMODIAN,Ingwan,3,10.847430958,122.386921625
Alimodian,ALIMODIAN,Laylayan,3,10.8820697864,122.382075168
Alimodian,ALIMODIAN,Malamhay,3,10.8765379423,122.355710118
Alimodian,ALIMODIAN,Mambawi,3,10.8426549976,122.43732656
Alimodian,ALIMODIAN,Pajo,3,10.864670493,122.38651742
Alimodian,ALIMODIAN,Poblacion,3,10.8198641697,122.429372195
Alimodian,ALIMODIAN,Quinaspan,3,10.8307736728,122.406743976
Alimodian,ALIMODIAN,Sinamay,3,10.8068042986,122.446810462
Alimodian,ALIMODIAN,Sulong,3,10.7973310083,122.447012612
Alimodian,ALIMODIAN,Ugbo,3,10.8708232462,122.373506581
Anilao,ANILAO,Agbatuan,4,10.9731895673,122.716841675
Anilao,ANILAO,Badiang,4,10.9591991776,122.729414608
Anilao,ANILAO,Balabag,4,11.0018845758,122.718907234
Anilao,ANILAO,Balunos,4,11.0280846437,122.722525074
Anilao,ANILAO,Cag-an,4,11.0184125385,122.758783387
Anilao,ANILAO,Camiros,4,10.9900406448,122.704718422
Anilao,ANILAO,Dangula-an,4,10.9960702385,122.783046387
Anilao,ANILAO,Guipis,4,11.0594869434,122.735574286
Anilao,ANILAO,Manganese,4,11.0425208678,122.745655448
Anilao,ANILAO,Medina,4,10.9601270972,122.693498494
Anilao,ANILAO,Mostro,4,11.0210676097,122.742982921
Anilao,ANILAO,Palaypay,4,10.9974901187,122.742835856
Anilao,ANILAO,Pantalan,4,10.9617918151,122.757175933
Anilao,ANILAO,Sambag Culob,4,10.9660615066,122.741666304
Anilao,ANILAO,San Carlos,4,10.986223583,122.765783922
Anilao,ANILAO,San Juan Crisostomo,4,10.9611059283,122.704394905
Anilao,ANILAO,Serallo,4,10.9528068765,122.716800182
Anilao,ANILAO,Vista Alegre,4,10.9823825353,122.712849425
Badiangan,BADIANGAN,Agusipan,3,11.0033573658,122.519547984
Badiangan,BADIANGAN,Astorga,3,10.9643398229,122.556691623
Badiangan,BADIANGAN,Bitaoyan,3,10.9538894876,122.54978379
Badiangan,BADIANGAN,Botong,3,11.0045382198,122.487785686
Badiangan,BADIANGAN,Cabanga-an,3,11.0032810557,122.533496934
Badiangan,BADIANGAN,Cabayogan,3,10.9933778598,122.554586888
Badiangan,BADIANGAN,Calansanan,3,10.9892530734,122.498070227
Badiangan,BADIANGAN,Catubig,3,10.9616894345,122.538314912
Badiangan,BADIANGAN,Guinawahan,3,11.0025018219,122.545488457
Badiangan,BADIANGAN,Indorohan,3,10.9927640194,122.519967786
Badiangan,BADIANGAN,Iniligan,3,10.9770913453,122.527650549
Badiangan,BADIANGAN,Latawan,3,10.989087474,122.563446482
Badiangan,BADIANGAN,Linayuan,3,10.9826576092,122.54667249
Badiangan,BADIANGAN,Mainguit,3,11.0052496851,122.50286589
Badiangan,BADIANGAN,Malublub,3,10.9736531094,122.56646708
Badiangan,BADIANGAN,Manaolan,3,11.0182586285,122.509597176
Badiangan,BADIANGAN,Mapili Grande,3,11.020404848,122.482519287
Badiangan,BADIANGAN,Mapili Sanjo,3,11.0200473423,122.493759057
Badiangan,BADIANGAN,Odiongan,3,10.9919324865,122.510463186
Badiangan,BADIANGAN,Poblacion,3,10.9904085844,122.538791905
Badiangan,BADIANGAN,San Julian,3,10.9826372305,122.576806418
Badiangan,BADIANGAN,Sariri,3,10.9934931691,122.571583863
Badiangan,BADIANGAN,Sianon,3,10.978105714,122.51338653
Badiangan,BADIANGAN,Sinuagan,3,10.9790406663,122.556302359
Badiangan,BADIANGAN,Talaba,3,10.9871863863,122.524568939
Badiangan,BADIANGAN,Tamocol,3,11.0142033894,122.531857375
Badiangan,BADIANGAN,Teneclan,3,10.9685632047,122.530153612
Badiangan,BADIANGAN,Tina,3,10.997792415,122.579407484
Balasan,BALASAN,Bacolod,5,11.4529799636,123.069103289
Balasan,BALASAN,Balantian,5,11.4907211967,123.089958308
Balasan,BALASAN,Batuan,5,11.4363978788,123.052980261
Balasan,BALASAN,Cabalic,5,11.4400685192,123.066273472
Balasan,BALASAN,Camambugan,5,11.4770042225,123.074711664
Balasan,BALASAN,Dolores,5,11.4604717767,123.084576305
Balasan,BALASAN,Gimamanay,5,11.4277855212,123.075200678
Balasan,BALASAN,Ipil,5,11.4679586588,123.102814746
Balasan,BALASAN,Kinalkalan,5,11.4867654882,123.076194804
Balasan,BALASAN,Lawis,5,11.4851791354,123.12713093
Balasan,BALASAN,Malapoc,5,11.4566080346,123.078304889
Balasan,BALASAN,Mamhut Norte,5,11.4876197884,123.105278987
Balasan,BALASAN,Mamhut Sur,5,11.4795032963,123.090974189
Balasan,BALASAN,Maya,5,11.4688550562,123.094088247
Balasan,BALASAN,Poblacion Norte,5,11.4750945508,123.085456199
Balasan,BALASAN,Poblacion Sur,5,11.4735927189,123.089727126
Balasan,BALASAN,Quiasan,5,11.4442539982,123.086098236
Balasan,BALASAN,Salong,5,11.4482934318,123.051226245
Balasan,BALASAN,Salvacion,5,11.4299159189,123.066521101
Balasan,BALASAN,Zaragosa,5,11.4154628639,123.068618508
Banate,BANATE,Alacaygan,4,10.9988744424,122.811700565
Banate,BANATE,Bariga,4,11.0573494392,122.778972193
Banate,BANATE,Belen,4,11.0034220559,122.796135896
Banate,BANATE,Bobon,4,11.0705837366,122.787834856
Banate,BANATE,Bularan,4,11.0059756053,122.82067756
Banate,BANATE,Carmelo,4,11.0136118774,122.808869587
Banate,BANATE,De La Paz,4,11.0701736025,122.756289583
Banate,BANATE,Fuentes,4,10.9965950019,122.780189111
Banate,BANATE,Juanico,4,11.0814188981,122.777079605
Banate,BANATE,Libertad,4,11.0307410701,122.792719164
Banate,BANATE,Magdalo,4,11.0479755726,122.790266756
Banate,BANATE,Managopaya,4,11.0885485155,122.757986401
Banate,BANATE,Merced,4,11.0293653197,122.817271246
Banate,BANATE,Poblacion,4,11.0049743532,122.817400889
Banate,BANATE,San Salvador,4,11.0003433069,122.840182627
Banate,BANATE,Talokgangan,4,11.0086539536,122.829215063
Banate,BANATE,Zona Sur,4,11.0033855074,122.81203884
Barotac Nuevo,BAROTAC NUEVO,Acuit,4,10.8832066716,122.686467244
Barotac Nuevo,BAROTAC NUEVO,Agcuyawan Calsada,4,10.8912073579,122.721802786
Barotac Nuevo,BAROTAC NUEVO,Agcuyawan Pulo,4,10.8919884569,122.736280036
Barotac Nuevo,BAROTAC NUEVO,Bagongbong,4,10.9458863191,122.689833037
Barotac Nuevo,BAROTAC NUEVO,Baras,4,10.9210641835,122.756243403
Barotac Nuevo,BAROTAC NUEVO,Bungca,4,10.90427559,122.709215157
Barotac Nuevo,BAROTAC NUEVO,Cabilauan,4,10.8725744681,122.66841495
Barotac Nuevo,BAROTAC NUEVO,Cruz,4,10.8795755419,122.707082923
Barotac Nuevo,BAROTAC NUEVO,Guintas,4,10.8946753236,122.769189757
Barotac Nuevo,BAROTAC NUEVO,Igbong,4,10.933837822,122.709565932
Barotac Nuevo,BAROTAC NUEVO,Ilaud Poblacion,4,10.8938183794,122.706022668
Barotac Nuevo,BAROTAC NUEVO,Ilaya Poblacion,4,10.8970077009,122.701098954
Barotac Nuevo,BAROTAC NUEVO,Jalaud,4,10.8891231206,122.757311175
Barotac Nuevo,BAROTAC NUEVO,Lagubang,4,10.8861682811,122.706090819
Barotac Nuevo,BAROTAC NUEVO,Lanas,4,10.9191690259,122.775026608
Barotac Nuevo,BAROTAC NUEVO,Lico-an,4,10.9211429317,122.71183465
Barotac Nuevo,BAROTAC NUEVO,Linao,4,10.8768163895,122.69612842
Barotac Nuevo,BAROTAC NUEVO,Monpon,4,10.8931981377,122.671480755
Barotac Nuevo,BAROTAC NUEVO,Palaciawan,4,10.9276825912,122.748570808
Barotac Nuevo,BAROTAC NUEVO,Patag,4,10.9335171309,122.680219109
Barotac Nuevo,BAROTAC NUEVO,Salihid,4,10.9135406576,122.695506496
Barotac Nuevo,BAROTAC NUEVO,Sohoton,4,10.9289543099,122.690002891
Barotac Nuevo,BAROTAC NUEVO,Tabucan,4,10.9015055091,122.689351954
Barotac Nuevo,BAROTAC NUEVO,Talisay,4,10.9110365412,122.764702586
Barotac Nuevo,BAROTAC NUEVO,Tinorian,4,10.941581251,122.721920595
Barotac Nuevo,BAROTAC NUEVO,Tiwi,4,10.9357657823,122.736908268
Barotac Nuevo,BAROTAC NUEVO,Tubungan,4,10.8842980897,122.714195935
Barotac Viejo,BAROTAC VIEJO,Bugnay,5,11.0579049621,122.804998805
Barotac Viejo,BAROTAC VIEJO,California,5,11.0664561766,122.811438942
Barotac Viejo,BAROTAC VIEJO,Del Pilar,5,11.1222023228,122.906995154
Barotac Viejo,BAROTAC VIEJO,General Luna,5,11.1419121246,122.915913299
Barotac Viejo,BAROTAC VIEJO,La Fortuna,5,11.0521104234,122.819384665
Barotac Viejo,BAROTAC VIEJO,Lipata,5,11.109728601,122.824292183
Barotac Viejo,BAROTAC VIEJO,Natividad,5,11.0356167437,122.83514768
Barotac Viejo,BAROTAC VIEJO,Nueva Invencion,5,11.1044682154,122.899233503
Barotac Viejo,BAROTAC VIEJO,Nueva Sevilla,5,11.0286218087,122.855665653
Barotac Viejo,BAROTAC VIEJO,Poblacion,5,11.0460065376,122.853364262
Barotac Viejo,BAROTAC VIEJO,Puerto Princesa,5,11.0424297863,122.886820516
Barotac Viejo,BAROTAC VIEJO,Rizal,5,11.1156475709,122.856111731
Barotac Viejo,BAROTAC VIEJO,San Antonio,5,11.0868241491,122.80214266
Barotac Viejo,BAROTAC VIEJO,San Fernando,5,11.0741831453,122.919058695
Barotac Viejo,BAROTAC VIEJO,San Francisco,5,11.031365572,122.901529088
Barotac Viejo,BAROTAC VIEJO,San Geronimo,5,11.0912611523,122.849156559
Barotac Viejo,BAROTAC VIEJO,San Juan,5,11.0358031714,122.870233486
Barotac Viejo,BAROTAC VIEJO,San Lucas,5,11.061830287,122.839411751
Barotac Viejo,BAROTAC VIEJO,San Miguel,5,11.0846153881,122.836503505
Barotac Viejo,BAROTAC VIEJO,San Roque,5,11.0451987,122.866097757
Barotac Viejo,BAROTAC VIEJO,Santiago,5,11.0549992454,122.90558504
Barotac Viejo,BAROTAC VIEJO,Santo Domingo,5,11.0170800409,122.844050523
Barotac Viejo,BAROTAC VIEJO,Ugasan,5,11.0992812784,122.78221184
Barotac Viejo,BAROTAC VIEJO,Vista Alegre,5,11.0762279447,122.866574813
Batad,BATAD,Alapasco,5,11.3974579851,123.055972648
Batad,BATAD,Alinsolong,5,11.40262001,123.141659295
Batad,BATAD,Banban,5,11.4100206723,123.137621139
Batad,BATAD,Batad Viejo,5,11.4258423174,123.102899374
Batad,BATAD,Binon-an,5,11.3952360094,123.139116511
Batad,BATAD,Bolhog,5,11.4136689152,123.103057938
Batad,BATAD,Bulak Norte,5,11.4054147414,123.08124205
Batad,BATAD,Bulak Sur,5,11.3948725134,123.080028298
Batad,BATAD,Calangag,5,11.4060706089,123.097001148
Batad,BATAD,Caw-i,5,11.3857276546,123.112990424
Batad,BATAD,Drancalan,5,11.4226101252,123.092478141
Batad,BATAD,Embarcadero,5,11.4173594208,123.125083394
Batad,BATAD,Hamod,5,11.4107535691,123.112271462
Batad,BATAD,Malico,5,11.4313648391,123.09420182
Batad,BATAD,Nangka,5,11.4088698045,123.075969779
Batad,BATAD,Pasayan,5,11.395888482,123.092358454
Batad,BATAD,Poblacion,5,11.4184872597,123.110178049
Batad,BATAD,Quiazan Florete,5,11.4282857709,123.085218545
Batad,BATAD,Quiazan Lopez,5,11.417738673,123.083681636
Batad,BATAD,Salong,5,11.4065011224,123.125717931
Batad,BATAD,Tanao,5,11.3824528147,123.139788182
Bingawan,BINGAWAN,Agba-o,3,11.162527515,122.56395104
Bingawan,BINGAWAN,Bulabog,3,11.1700521975,122.580487604
Bingawan,BINGAWAN,Cairohan,3,11.153140387,122.56638565
Bingawan,BINGAWAN,Inamyungan,3,11.1929654222,122.556465203
Bingawan,BINGAWAN,Malitbog Ilawod,3,11.198759354,122.544617219
Bingawan,BINGAWAN,Ngingi-an,3,11.1742276346,122.566430016
Bingawan,BINGAWAN,Poblacion,3,11.2259106887,122.56679682
Bingawan,BINGAWAN,Quinar-upan,3,11.1931770768,122.569763587
Bingawan,BINGAWAN,Tapacon,3,11.1748368722,122.552169854
Cabatuan,CABATUAN,Acao,3,10.848284348,122.454365883
Cabatuan,CABATUAN,Amerang,3,10.883947274,122.466140296
Cabatuan,CABATUAN,Amurao,3,10.893123762,122.464394041
Cabatuan,CABATUAN,Anuang,3,10.8959717584,122.513872364
Cabatuan,CABATUAN,Ayaman,3,10.8904245296,122.483240466
Cabatuan,CABATUAN,Ayong,3,10.8964887606,122.496556729
Cabatuan,CABATUAN,Bacan,3,10.8871455189,122.456173862
Cabatuan,CABATUAN,Balabag,3,10.9245809832,122.53023548
Cabatuan,CABATUAN,Baluyan,3,10.9093704347,122.486904371
Cabatuan,CABATUAN,Cadoldolan,3,10.8729983951,122.525140848
Cabatuan,CABATUAN,Cagban,3,10.8831612549,122.533879514
Cabatuan,CABATUAN,Calawagan,3,10.9165874312,122.513283432
Cabatuan,CABATUAN,Calayo,3,10.8500594731,122.476130115
Cabatuan,CABATUAN,Gaub,3,10.8471887634,122.491992487
Cabatuan,CABATUAN,Gines Interior,3,10.9235076864,122.502676341
Cabatuan,CABATUAN,Gines Patag,3,10.9353939108,122.488419399
Cabatuan,CABATUAN,Guibuangan Tigbauan,3,10.8675225319,122.512785903
Cabatuan,CABATUAN,Inabasan,3,10.8606452049,122.445967093
Cabatuan,CABATUAN,Inaladan,3,10.9045577496,122.516940447
Cabatuan,CABATUAN,Ingas,3,10.9003880771,122.467944524
Cabatuan,CABATUAN,Janipaan,3,10.9149759144,122.544829572
Cabatuan,CABATUAN,Leong,3,10.8860854914,122.49438332
Cabatuan,CABATUAN,Lutac,3,10.8820038391,122.50559219
Cabatuan,CABATUAN,Manguna,3,10.827582683,122.482378266
Cabatuan,CABATUAN,Maraguit,3,10.8907562706,122.506205302
Cabatuan,CABATUAN,Morubuan,3,10.8717800058,122.449553509
Cabatuan,CABATUAN,Pacatin,3,10.9159088144,122.531194279
Cabatuan,CABATUAN,Pagotpot,3,10.9188636719,122.495062579
Cabatuan,CABATUAN,Pamul-ogan,3,10.8652066805,122.48731889
Cabatuan,CABATUAN,Poblacion,3,10.8759958085,122.481448067
Cabatuan,CABATUAN,Puyas,3,10.8830474097,122.521413965
Cabatuan,CABATUAN,Salacay,3,10.8748954228,122.47362802
Cabatuan,CABATUAN,Sulanga,3,10.9088888666,122.499406145
Cabatuan,CABATUAN,Tabucan,3,10.8651098505,122.498660068
Cabatuan,CABATUAN,Tacdangan,3,10.9003302876,122.485683432
Cabatuan,CABATUAN,Talanghauan,3,10.8445615559,122.507992999
Cabatuan,CABATUAN,Tigbauan,3,10.922267578,122.483146636
Cabatuan,CABATUAN,Tiring,3,10.8524642458,122.502858038
Cabatuan,CABATUAN,Tuy-an,3,10.9091538393,122.474311907
Calinog,CALINOG,Agcalaga,3,11.1777531947,122.476486106
Calinog,CALINOG,Aglibacao,3,11.1426123638,122.47637411
Calinog,CALINOG,Aglonok,3,11.1437275051,122.29465029
Calinog,CALINOG,Alibunan,3,11.161590783,122.469686155
Calinog,CALINOG,Badlan Grande,3,11.150329574,122.508559741
Calinog,CALINOG,Badlan Pequeño,3,11.1398864845,122.518104117
Calinog,CALINOG,Badu,3,11.1400893284,122.466092546
Calinog,CALINOG,Balaticon,3,11.1633967655,122.539012108
Calinog,CALINOG,Banban Grande,3,11.1520531148,122.499219931
Calinog,CALINOG,Banban Pequeño,3,11.1556125883,122.488806316
Calinog,CALINOG,Barrio Calinog,3,11.1308548935,122.548566569
Calinog,CALINOG,Binolosan Grande,3,11.1440787102,122.397557039
Calinog,CALINOG,Cabagiao,3,11.1308552092,122.558274259
Calinog,CALINOG,Cabugao,3,11.1420872478,122.531809029
Calinog,CALINOG,Cahigon,3,11.1695427243,122.428654003
Calinog,CALINOG,Camalongo,3,11.1612287312,122.521506654
Calinog,CALINOG,Canabajan,3,11.1238056251,122.57863809
Calinog,CALINOG,Caratagan,3,11.1721069019,122.325123959
Calinog,CALINOG,Carvasana,3,11.1168550825,122.524959048
Calinog,CALINOG,Dalid,3,11.1129633257,122.536265488
Calinog,CALINOG,Datagan,3,11.1668214109,122.493973156
Calinog,CALINOG,Gama Grande,3,11.1168881011,122.55319802
Calinog,CALINOG,Gama Pequeño,3,11.1096976095,122.559582593
Calinog,CALINOG,Garangan,3,11.1885338833,122.458845916
Calinog,CALINOG,Guiso,3,11.1230325418,122.569796617
Calinog,CALINOG,Hilwan,3,11.2007030065,122.313750016
Calinog,CALINOG,Impalidan,3,11.1392281043,122.542628717
Calinog,CALINOG,Ipil,3,11.1323653742,122.500173593
Calinog,CALINOG,Jamin-ay,3,11.1072671188,122.577855932
Calinog,CALINOG,Lampaya,3,11.1314119957,122.567188561
Calinog,CALINOG,Libot,3,11.1324935365,122.536300249
Calinog,CALINOG,Lonoy,3,11.139021843,122.48682473
Calinog,CALINOG,Malag-it,3,11.1409393055,122.580101391
Calinog,CALINOG,Malaguinabot,3,11.1097759863,122.567702973
Calinog,CALINOG,Malapawe,3,11.1430073892,122.564075733
Calinog,CALINOG,Malitbog Centro,3,11.1920132659,122.526423003
Calinog,CALINOG,Mambiranan,3,11.170295867,122.506638083
Calinog,CALINOG,Manaripay,3,11.1454324264,122.348650184
Calinog,CALINOG,Marandig,3,11.2007298693,122.344295772
Calinog,CALINOG,Maspasan,3,11.1869561802,122.514604799
Calinog,CALINOG,Nalbugan,3,11.1786415027,122.535318657
Calinog,CALINOG,Owak,3,11.1528595899,122.541258241
Calinog,CALINOG,Poblacion Centro,3,11.1248410038,122.536846311
Calinog,CALINOG,Poblacion Delgado,3,11.1218157933,122.546444008
Calinog,CALINOG,Poblacion Ilaya,3,11.1254620531,122.532725826
Calinog,CALINOG,San Nicolas,3,11.1450274715,122.553048875
Calinog,CALINOG,Simsiman,3,11.1165307168,122.541367921
Calinog,CALINOG,Supanga,3,11.166757041,122.362780593
Calinog,CALINOG,Tabucan,3,11.1250703948,122.517336919
Calinog,CALINOG,Tahing,3,11.1004157939,122.566931516
Calinog,CALINOG,Tigbayog,3,11.1340497351,122.377242396
Calinog,CALINOG,Toyungan,3,11.1415748051,122.442310939
Calinog,CALINOG,Ulayan,3,11.1572328815,122.551244832
Carles,CARLES,ASLUMAN,5,11.623925082,123.349424609
Carles,CARLES,Abong,5,11.5380837576,123.115618033
Carles,CARLES,Alipata,5,11.4365276806,123.256712496
Carles,CARLES,Bancal,5,11.5610210796,123.150324126
Carles,CARLES,Barosbos,5,11.5605150096,123.126856851
Carles,CARLES,Binuluangan,5,11.5182245909,123.174925119
Carles,CARLES,Bito-on,5,11.4686532385,123.214277334
Carles,CARLES,Bolo,5,11.5111629685,123.081000744
Carles,CARLES,Buaya,5,11.4484144662,123.267135334
Carles,CARLES,Cabilao Grande,5,11.548252159,123.140569588
Carles,CARLES,Cabilao Pequeño,5,11.5388871795,123.1389727
Carles,CARLES,Cawayan,5,11.5269783462,123.103450627
Carles,CARLES,Guinticgan,5,11.5520600163,123.117793198
Carles,CARLES,Manlot,5,11.4852206949,123.186749897
Carles,CARLES,Nalumsan,5,11.5010733288,123.089578518
Carles,CARLES,Pantalan,5,11.5056850612,123.16608548
Carles,CARLES,Punta Batuanan,5,11.4714793823,123.227625282
Carles,CARLES,San Fernando,5,11.4581716076,123.251998794
Carles,CARLES,Tabugon,5,11.5224869655,123.186902442
Carles,CARLES,Talingting,5,11.4762524999,123.202350196
Carles,CARLES,Tarong,5,11.5319323786,123.130497667
Carles,CARLES,Tinigban,5,11.504847537,123.231371475
Carles,CARLES,Tupaz,5,11.5083702057,123.105475859
Concepcion,CONCEPCION,Aglosong,5,11.2437636981,123.074577805
Concepcion,CONCEPCION,Agnaga,5,11.2088849495,123.056217822
Concepcion,CONCEPCION,Bacjawan Norte,5,11.234530758,123.087835464
Concepcion,CONCEPCION,Bacjawan Sur,5,11.2209842691,123.087557304
Concepcion,CONCEPCION,Bagongon,5,11.1335607602,123.131989392
Concepcion,CONCEPCION,Batiti,5,11.2109319908,123.074918147
Concepcion,CONCEPCION,Botlog,5,11.2326637636,123.157137029
Concepcion,CONCEPCION,Calamigan,5,11.2232823256,123.058911182
Concepcion,CONCEPCION,Dungon,5,11.1421189912,123.120134566
Concepcion,CONCEPCION,Igbon,5,11.213363531,123.178265919
Concepcion,CONCEPCION,Jamul-awon,5,11.2239695507,123.071447169
Concepcion,CONCEPCION,Lo-ong,5,11.1953662559,123.110723427
Concepcion,CONCEPCION,Macalbang,5,11.1939842192,123.080020836
Concepcion,CONCEPCION,Macatunao,5,11.2948657426,123.187918702
Concepcion,CONCEPCION,Malangabang,5,11.2389645128,123.210545934
Concepcion,CONCEPCION,Maliog-liog,5,11.1464523016,123.137544603
Concepcion,CONCEPCION,Nipa,5,11.1780135772,123.118521822
Concepcion,CONCEPCION,Plandico,5,11.174420862,123.090408055
Concepcion,CONCEPCION,Poblacion,5,11.2117207727,123.10263416
Concepcion,CONCEPCION,Salvacion,5,11.2476528046,123.213505405
Concepcion,CONCEPCION,Taloto-an,5,11.2936194684,123.166114714
Concepcion,CONCEPCION,Tambaliza,5,11.2681121312,123.156429239
Concepcion,CONCEPCION,Tamis-ac,5,11.1871505381,123.065157897
Dingle,DINGLE,Abangay,4,10.9643624445,122.654558541
Dingle,DINGLE,Agsalanan,4,11.0018159773,122.695801334
Dingle,DINGLE,Agtatacay,4,11.0354957984,122.699824797
Dingle,DINGLE,Bongloy,4,10.9882312358,122.644295291
Dingle,DINGLE,Caguyuman,4,11.0368117386,122.676377032
Dingle,DINGLE,Calicuang,4,10.9685636877,122.680029852
Dingle,DINGLE,Camambugan,4,11.013138119,122.673605236
Dingle,DINGLE,Dawis,4,10.9962478483,122.676599482
Dingle,DINGLE,Ginalinan Viejo,4,11.0041048059,122.596473661
Dingle,DINGLE,Gutao,4,11.0217716763,122.69304885
Dingle,DINGLE,Ilajas,4,11.0010187121,122.684564205
Dingle,DINGLE,Libo-o,4,11.0040120273,122.631369082
Dingle,DINGLE,Licu-an,4,11.0088467898,122.651521651
Dingle,DINGLE,Lincud,4,11.0304676124,122.641307699
Dingle,DINGLE,Matangharon,4,10.9506954518,122.678215758
Dingle,DINGLE,Moroboro,4,11.0268227222,122.658149553
Dingle,DINGLE,Namatay,4,10.9844948917,122.691089959
Dingle,DINGLE,Pandan,4,10.9768182446,122.656928647
Dingle,DINGLE,Poblacion,4,11.0025408264,122.669734285
Dingle,DINGLE,San Jose,4,10.9938955644,122.667173707
Dingle,DINGLE,San Matias,4,11.0026714898,122.66078316
Dingle,DINGLE,Tambunac,4,10.9980642234,122.616153568
Dingle,DINGLE,Tanghawan,4,10.9868546399,122.65973773
Dingle,DINGLE,Tulatula-an,4,11.0573426576,122.694042455
Dueñas,DUEÑAS,Agutayan,4,11.0496970297,122.643135263
Dueñas,DUEÑAS,Angare,4,11.0679896313,122.566284015
Dueñas,DUEÑAS,Anjawan,4,11.0801537372,122.603117421
Dueñas,DUEÑAS,Bagongbong,4,11.088323899,122.559906363
Dueñas,DUEÑAS,Balangigan,4,11.0200497678,122.563666465
Dueñas,DUEÑAS,Balingasag,4,11.0292532327,122.580779779
Dueñas,DUEÑAS,Banugan,4,11.0637084915,122.53907394
Dueñas,DUEÑAS,Batuan,4,11.0698952066,122.593781896
Dueñas,DUEÑAS,Bita,4,11.0281559887,122.5702906
Dueñas,DUEÑAS,Buenavista,4,11.0335257084,122.603157638
Dueñas,DUEÑAS,Bugtongan,4,11.0110446106,122.57368046
Dueñas,DUEÑAS,Cabudian,4,11.0979366651,122.550683873
Dueñas,DUEÑAS,Calaca-an,4,11.0360446852,122.582460373
Dueñas,DUEÑAS,Calang,4,11.0559396278,122.595832616
Dueñas,DUEÑAS,Calawinan,4,11.0257669388,122.598336749
Dueñas,DUEÑAS,Catig,4,11.0424544511,122.548602668
Dueñas,DUEÑAS,Dila-an,4,11.0848851065,122.542887175
Dueñas,DUEÑAS,Inadlawan,4,11.0623764984,122.553930699
Dueñas,DUEÑAS,Jagdong,4,11.0584684836,122.583412606
Dueñas,DUEÑAS,Jaguimit,4,11.0781223711,122.567677714
Dueñas,DUEÑAS,Lacadon,4,11.032962178,122.555338423
Dueñas,DUEÑAS,Malusgod,4,11.0212899392,122.579935895
Dueñas,DUEÑAS,Maribuyong,4,11.0511794704,122.5499363
Dueñas,DUEÑAS,Minanga,4,11.0514748455,122.603017178
Dueñas,DUEÑAS,Monpon,4,11.068508649,122.642255159
Dueñas,DUEÑAS,Navalas,4,11.0190250874,122.594381472
Dueñas,DUEÑAS,Pader,4,11.0773344579,122.58297092
Dueñas,DUEÑAS,Pandan,4,11.0569360272,122.627362997
Dueñas,DUEÑAS,Poblacion,4,11.072933183,122.627245593
Dueñas,DUEÑAS,Romblon,4,11.0406958188,122.567179593
Dueñas,DUEÑAS,San Isidro,4,11.0647115233,122.575231118
Dueñas,DUEÑAS,Sawe,4,11.0887967428,122.575120398
Dueñas,DUEÑAS,Taminla,4,11.006729301,122.588001578
Dueñas,DUEÑAS,Tinocuan,4,11.0496875598,122.617208664
Dueñas,DUEÑAS,Tipolo,4,11.0621719683,122.647458961
Dumangas,DUMANGAS,Bacay,4,10.8079900646,122.739061769
Dumangas,DUMANGAS,Bacong,4,10.8484245362,122.7138524
Dumangas,DUMANGAS,Balabag,4,10.8450495361,122.656499461
Dumangas,DUMANGAS,Bantud,4,10.81013515,122.702628058
Dumangas,DUMANGAS,Barasan,4,10.8782497793,122.735362657
Dumangas,DUMANGAS,Bolilao,4,10.8631228102,122.760871677
Dumangas,DUMANGAS,Calao,4,10.8676715775,122.699684696
Dumangas,DUMANGAS,Cali,4,10.8347783709,122.704891061
Dumangas,DUMANGAS,Cansilayan,4,10.8496395994,122.691507241
Dumangas,DUMANGAS,Capaliz,4,10.8402678687,122.696180592
Dumangas,DUMANGAS,Cayos,4,10.8141165234,122.659676367
Dumangas,DUMANGAS,Compayan,4,10.8208474345,122.644825298
Dumangas,DUMANGAS,Dacutan,4,10.8065305207,122.688710485
Dumangas,DUMANGAS,Ilaya 1st,4,10.82828898,122.713656672
Dumangas,DUMANGAS,Ilaya 2nd,4,10.8354579041,122.714691291
Dumangas,DUMANGAS,Ilaya 3rd,4,10.8411402227,122.712543896
Dumangas,DUMANGAS,Jardin,4,10.8187475975,122.714282422
Dumangas,DUMANGAS,Lacturan,4,10.8212275671,122.724234025
Dumangas,DUMANGAS,Managuit,4,10.8125849401,122.707048129
Dumangas,DUMANGAS,Maquina,4,10.8307061508,122.648814922
Dumangas,DUMANGAS,Pagdugue,4,10.8566741333,122.670027501
Dumangas,DUMANGAS,Paloc Bigque,4,10.8463907994,122.730776294
Dumangas,DUMANGAS,Patlad,4,10.8228156035,122.673639565
Dumangas,DUMANGAS,Pulao,4,10.8404178594,122.671788024
Dumangas,DUMANGAS,Rosario,4,10.8643613331,122.686949719
Dumangas,DUMANGAS,Sulangan,4,10.8289992213,122.691538611
Dumangas,DUMANGAS,Tabucan,4,10.8174900953,122.708801874
Dumangas,DUMANGAS,Talusan,4,10.7963425572,122.710970156
Dumangas,DUMANGAS,Tamboilan,4,10.8567854109,122.730898118
Dumangas,DUMANGAS,Victorias,4,10.814882743,122.722039893
Estancia,ESTANCIA,Bayuyan,5,11.468613465,123.137035404
Estancia,ESTANCIA,Botongon,5,11.4479072206,123.149163591
Estancia,ESTANCIA,Calapdan,5,11.4449492011,123.129918654
Estancia,ESTANCIA,Cano-an,5,11.4609429153,123.12907143
Estancia,ESTANCIA,Daculan,5,11.47502809,123.157183306
Estancia,ESTANCIA,Gogo,5,11.4818160181,123.150536468
Estancia,ESTANCIA,Jolog,5,11.4278988205,123.132490671
Estancia,ESTANCIA,Lonoy,5,11.4494444975,123.122393028
Estancia,ESTANCIA,Malbog,5,11.4472742958,123.109195106
Estancia,ESTANCIA,Paon,5,11.4650795692,123.155261341
Estancia,ESTANCIA,Poblacion Zone 1,5,11.4551647621,123.146422518
Estancia,ESTANCIA,San Roque,5,11.4801358435,123.141330012
Estancia,ESTANCIA,Tacbuyan,5,11.4691447198,123.145982609
Estancia,ESTANCIA,Tanza,5,11.4390038119,123.136096948
Estancia,ESTANCIA,Villa Pani-an,5,11.4678108687,123.117526786
Guimbal,GUIMBAL,Bacong,1,10.7114173244,122.300204118
Guimbal,GUIMBAL,Baras,1,10.6632587548,122.301676105
Guimbal,GUIMBAL,Bongol San Vicente,1,10.6658709877,122.312830239
Guimbal,GUIMBAL,Buluangan,1,10.7413287676,122.303175946
Guimbal,GUIMBAL,Cabasi,1,10.6694197169,122.3021768
Guimbal,GUIMBAL,Cabubugan,1,10.6647219446,122.295367967
Guimbal,GUIMBAL,Calampitao,1,10.6721311576,122.279384854
Guimbal,GUIMBAL,Camangahan,1,10.7120105721,122.314820259
Guimbal,GUIMBAL,Igcocolo,1,10.6973840442,122.32211375
Guimbal,GUIMBAL,Iyasan,1,10.6846797893,122.283719929
Guimbal,GUIMBAL,Lubacan,1,10.6876873021,122.30143034
Guimbal,GUIMBAL,Nahapay,1,10.7289864629,122.320217614
Guimbal,GUIMBAL,Nalundan,1,10.6698725229,122.2890018
Guimbal,GUIMBAL,Nanga,1,10.6800526767,122.338990909
Guimbal,GUIMBAL,Particion,1,10.676939222,122.308999657
Igbaras,IGBARAS,Alameda,1,10.7519375347,122.277394263
Igbaras,IGBARAS,Amorogtong,1,10.7499400793,122.287348188
Igbaras,IGBARAS,Anilawan,1,10.7444614354,122.25832777
Igbaras,IGBARAS,Bagacayan,1,10.6993089307,122.247474841
Igbaras,IGBARAS,Bagay,1,10.7382236316,122.211813937
Igbaras,IGBARAS,Balibagan,1,10.7296616595,122.289155842
Igbaras,IGBARAS,Barasan,1,10.7413217547,122.243956167
Igbaras,IGBARAS,Buenavista,1,10.7187512544,122.221628776
Igbaras,IGBARAS,Buga,1,10.7305380317,122.275924592
Igbaras,IGBARAS,Bugnay,1,10.7502243739,122.23900324
Igbaras,IGBARAS,Calampitao,1,10.6877004268,122.265960059
Igbaras,IGBARAS,Cale,1,10.756281985,122.249475275
Igbaras,IGBARAS,Catiringan,1,10.7108096939,122.287909273
Igbaras,IGBARAS,Corucuan,1,10.7489284337,122.223455442
Igbaras,IGBARAS,Igtalongon,1,10.7511607183,122.231581224
Igbaras,IGBARAS,Indaluyon,1,10.7639429228,122.260038381
Igbaras,IGBARAS,Jovellar,1,10.701953263,122.277851682
Igbaras,IGBARAS,Kinagdan,1,10.732224703,122.23651088
Igbaras,IGBARAS,Lab-on,1,10.7528943657,122.213289592
Igbaras,IGBARAS,Lacay Doldol,1,10.7787470938,122.268378343
Igbaras,IGBARAS,Lumangan,1,10.7146483898,122.229981283
Igbaras,IGBARAS,Mantangon,1,10.7717870067,122.273118447
Igbaras,IGBARAS,Pasong,1,10.7215793164,122.232215241
Igbaras,IGBARAS,Poblacion,1,10.7152835423,122.260112624
Igbaras,IGBARAS,Riro-an,1,10.7443596268,122.268187339
Igbaras,IGBARAS,San Ambrosio,1,10.7172221533,122.245906206
Igbaras,IGBARAS,Santa Barbara,1,10.7016307877,122.238763158
Igbaras,IGBARAS,Signe,1,10.7325444408,122.259755362
Igbaras,IGBARAS,Tabiac,1,10.7667784897,122.2827441
Igbaras,IGBARAS,Talaytay,1,10.707561438,122.23104237
Igbaras,IGBARAS,Taytay,1,10.7612418729,122.2798723
Igbaras,IGBARAS,Tigbanaba,1,10.7719402466,122.237749219
Janiuay,JANIUAY,Abangay,3,11.0273279838,122.465674746
Janiuay,JANIUAY,Agcarope,3,11.035148652,122.410451168
Janiuay,JANIUAY,Aglobong,3,11.0442425722,122.387019573
Janiuay,JANIUAY,Aguingay,3,10.9616160804,122.469271597
Janiuay,JANIUAY,Anhawan,3,11.0179838865,122.411523325
Janiuay,JANIUAY,Atimonan,3,11.0457418185,122.343630812
Janiuay,JANIUAY,Balanac,3,10.9592191084,122.479284669
Janiuay,JANIUAY,Barasalon,3,11.0229722326,122.34401727
Janiuay,JANIUAY,Bongol,3,10.950305299,122.482247783
Janiuay,JANIUAY,Cabantog,3,10.9520705368,122.53094358
Janiuay,JANIUAY,Calmay,3,10.9893297559,122.434164389
Janiuay,JANIUAY,Canawili,3,11.0184487722,122.42945836
Janiuay,JANIUAY,Canawillian,3,10.9987698477,122.343377726
Janiuay,JANIUAY,Caranas,3,10.9437024945,122.543787868
Janiuay,JANIUAY,Caraudan,3,10.9651779794,122.435156075
Janiuay,JANIUAY,Carigangan,3,11.0064948028,122.442513192
Janiuay,JANIUAY,Cunsad,3,11.0060012117,122.410596997
Janiuay,JANIUAY,Dabong,3,11.0106926942,122.461452692
Janiuay,JANIUAY,Damires,3,10.9632998487,122.517137824
Janiuay,JANIUAY,Damo-ong,3,10.9424948228,122.509505249
Janiuay,JANIUAY,Danao,3,10.9747411749,122.45308118
Janiuay,JANIUAY,Gines,3,10.9436434486,122.494920357
Janiuay,JANIUAY,Guadalupe,3,10.9363197826,122.525342409
Janiuay,JANIUAY,Jibolo,3,10.9659368957,122.49901286
Janiuay,JANIUAY,Kuyot,3,10.9832147077,122.427486519
Janiuay,JANIUAY,Madong,3,10.9846940799,122.481156906
Janiuay,JANIUAY,Manacabac,3,10.9979860606,122.450484881
Janiuay,JANIUAY,Mangil,3,10.9946955294,122.461536633
Janiuay,JANIUAY,Matag-ub,3,10.9778552753,122.499162618
Janiuay,JANIUAY,Pangilihan,3,11.0262733659,122.437306446
Janiuay,JANIUAY,Panuran,3,11.0292055344,122.383718403
Janiuay,JANIUAY,Pararinga,3,11.0028635805,122.427707184
Janiuay,JANIUAY,Patong-patong,3,11.004174221,122.474112446
Janiuay,JANIUAY,Poblacion,3,10.9507681737,122.501024982
Janiuay,JANIUAY,Quipot,3,10.9878477091,122.382310736
Janiuay,JANIUAY,Santo Tomas,3,10.981363697,122.465622373
Janiuay,JANIUAY,Sarawag,3,11.0171886628,122.472001959
Janiuay,JANIUAY,Tambal,3,10.9550201594,122.460299425
Janiuay,JANIUAY,Tamu-an,3,10.9548753676,122.525951514
Janiuay,JANIUAY,Tiringanan,3,11.0249567719,122.452131301
Janiuay,JANIUAY,Tolarucan,3,10.931508934,122.544923924
Janiuay,JANIUAY,Tuburan,3,10.9702109507,122.479664756
Janiuay,JANIUAY,Ubian,3,10.9754514657,122.40916554
Janiuay,JANIUAY,Yabon,3,10.9917476569,122.413076277
Lambunao,LAMBUNAO,Agsirab,3,11.0710580057,122.404818866
Lambunao,LAMBUNAO,Agtuman,3,11.0325524513,122.501119501
Lambunao,LAMBUNAO,Alugmawa,3,11.1066541894,122.510286249
Lambunao,LAMBUNAO,Badiangan,3,11.0416345095,122.493861172
Lambunao,LAMBUNAO,Balagiao,3,11.1190131694,122.465723263
Lambunao,LAMBUNAO,Banban,3,11.1169626945,122.496020503
Lambunao,LAMBUNAO,Bansag,3,11.0509076997,122.476401236
Lambunao,LAMBUNAO,Bayuco,3,11.0959314684,122.461128703
Lambunao,LAMBUNAO,Binaba-an Limoso,3,11.0348735404,122.542244292
Lambunao,LAMBUNAO,Bonbon,3,11.0926120014,122.476191518
Lambunao,LAMBUNAO,Bontoc,3,11.0690825567,122.454204567
Lambunao,LAMBUNAO,Buri,3,11.0812998233,122.520600921
Lambunao,LAMBUNAO,Burirao,3,11.041986211,122.502605662
Lambunao,LAMBUNAO,Buwang,3,11.1208223473,122.448415636
Lambunao,LAMBUNAO,Cabatangan,3,11.0902590305,122.344946933
Lambunao,LAMBUNAO,Cabugao,3,11.083081222,122.450357206
Lambunao,LAMBUNAO,Cabunlawan,3,11.1285297872,122.476002266
Lambunao,LAMBUNAO,Caguisanan,3,11.0921026461,122.424020798
Lambunao,LAMBUNAO,Caloy-ahan,3,11.0347068034,122.488127629
Lambunao,LAMBUNAO,Caninguan,3,11.104310227,122.452783467
Lambunao,LAMBUNAO,Capangyan,3,11.0495726858,122.485309016
Lambunao,LAMBUNAO,Cayan Este,3,11.0677995533,122.518317638
Lambunao,LAMBUNAO,Cayan Oeste,3,11.0391079551,122.454463602
Lambunao,LAMBUNAO,Corot-on,3,11.0474579561,122.523359974
Lambunao,LAMBUNAO,Coto,3,11.0306193964,122.48052134
Lambunao,LAMBUNAO,Cubay,3,11.0892778837,122.509712765
Lambunao,LAMBUNAO,Cunarom,3,11.0684054913,122.468520152
Lambunao,LAMBUNAO,Daanbanwa,3,11.0975458953,122.489201441
Lambunao,LAMBUNAO,Gines,3,11.0933684419,122.518950003
Lambunao,LAMBUNAO,Hipgos,3,11.0798479039,122.430688688
Lambunao,LAMBUNAO,Jorog,3,11.0305681278,122.512974247
Lambunao,LAMBUNAO,Lanot Grande,3,11.0641795482,122.528893172
Lambunao,LAMBUNAO,Lanot Pequeño,3,11.0552548993,122.521741647
Lambunao,LAMBUNAO,Legayada,3,11.0387750512,122.524331918
Lambunao,LAMBUNAO,Lumanay,3,11.1052267711,122.498268422
Lambunao,LAMBUNAO,Madarag,3,11.0161128245,122.55422496
Lambunao,LAMBUNAO,Magbato,3,11.0349070428,122.468652991
Lambunao,LAMBUNAO,Maite Grande,3,11.0712493743,122.50559704
Lambunao,LAMBUNAO,Maite Pequeño,3,11.061944018,122.4932833
Lambunao,LAMBUNAO,Malag-it,3,11.120591664,122.45501882
Lambunao,LAMBUNAO,Manaulan,3,11.0834531528,122.465613148
Lambunao,LAMBUNAO,Maribong,3,11.1043448123,122.52870656
Lambunao,LAMBUNAO,Marong,3,11.0199369128,122.545488384
Lambunao,LAMBUNAO,Misi,3,11.0544275437,122.452471111
Lambunao,LAMBUNAO,Natividad,3,11.1209635246,122.477547102
Lambunao,LAMBUNAO,Pajo,3,11.0761067556,122.478924242
Lambunao,LAMBUNAO,Pandan,3,11.085836761,122.502106334
Lambunao,LAMBUNAO,Panuran,3,11.0530216668,122.400815326
Lambunao,LAMBUNAO,Pasig,3,11.1071176847,122.475331197
Lambunao,LAMBUNAO,Patag,3,11.0862097413,122.531224388
Lambunao,LAMBUNAO,Poblacion Ilawod,3,11.0597798454,122.478113853
Lambunao,LAMBUNAO,Poblacion Ilaya,3,11.0552365945,122.464993893
Lambunao,LAMBUNAO,Poong,3,11.0582293494,122.509299426
Lambunao,LAMBUNAO,Pughanan,3,11.0409817807,122.430385612
Lambunao,LAMBUNAO,Pungsod,3,11.0478028362,122.491706322
Lambunao,LAMBUNAO,Quiling,3,11.0364913245,122.510572531
Lambunao,LAMBUNAO,Sagcup,3,11.1168535384,122.434276471
Lambunao,LAMBUNAO,San Gregorio,3,11.1190479894,122.44129465
Lambunao,LAMBUNAO,Sibacungan,3,11.0435398159,122.46961418
Lambunao,LAMBUNAO,Sibaguan,3,11.0735522556,122.527006266
Lambunao,LAMBUNAO,Simsiman,3,11.0453538789,122.514520677
Lambunao,LAMBUNAO,Supoc,3,11.0489244284,122.529912558
Lambunao,LAMBUNAO,Tampucao,3,11.0565060011,122.433433625
Lambunao,LAMBUNAO,Tranghawan,3,11.0772509667,122.49227483
Lambunao,LAMBUNAO,Tubungan,3,11.0500650215,122.502188459
Lambunao,LAMBUNAO,Tuburan,3,11.0412352582,122.53530692
Lambunao,LAMBUNAO,Walang,3,11.1042367272,122.432485529
Leganes,LEGANES,Buntatala,0,10.7766902004,122.580499925
Leganes,LEGANES,Cagamutan Norte,0,10.8064052235,122.596235135
Leganes,LEGANES,Calaboa,0,10.8090565715,122.581797089
Leganes,LEGANES,Camangay,0,10.7639251648,122.593982747
Leganes,LEGANES,Cari Mayor,0,10.801265295,122.609253261
Leganes,LEGANES,Cari Minor,0,10.7915357645,122.600730501
Leganes,LEGANES,Guihaman,0,10.7841020458,122.579019769
Leganes,LEGANES,Guinobatan,0,10.7829999644,122.595882753
Leganes,LEGANES,Guintas,0,10.7716609757,122.591293174
Leganes,LEGANES,Lapayon,0,10.7979967764,122.566101123
Leganes,LEGANES,Nabitasan,0,10.7891372114,122.626639457
Leganes,LEGANES,Napnud,0,10.7795410774,122.603921061
Leganes,LEGANES,Poblacion,0,10.7868131411,122.586554093
Leganes,LEGANES,San Vicente,0,10.795935578,122.579635663
Lemery,LEMERY,Agpipili,5,11.2709971617,122.90677097
Lemery,LEMERY,Alcantara,5,11.2546868187,122.877587854
Lemery,LEMERY,Almeñana,5,11.2652572621,122.945585957
Lemery,LEMERY,Anabo,5,11.2056516565,122.899093518
Lemery,LEMERY,Bankal,5,11.2161024424,122.878630185
Lemery,LEMERY,Buenavista,5,11.24355221,122.922454085
Lemery,LEMERY,Cabantohan,5,11.2236529839,122.947692897
Lemery,LEMERY,Capiñahan,5,11.2272537291,122.90616102
Lemery,LEMERY,Dalipe,5,11.1971672005,122.926509659
Lemery,LEMERY,Dapdapan,5,11.199890532,122.950443545
Lemery,LEMERY,Gerongan,5,11.1958637033,122.882442698
Lemery,LEMERY,Imbaulan,5,11.214298504,122.912488258
Lemery,LEMERY,Layogbato,5,11.2830564327,122.893211834
Lemery,LEMERY,Marapal,5,11.2560644821,122.886980684
Lemery,LEMERY,Milan,5,11.2476649985,122.899963935
Lemery,LEMERY,Nagsulang,5,11.2461208509,122.945386078
Lemery,LEMERY,Nasapahan,5,11.1775961712,122.901825014
Lemery,LEMERY,Omio,5,11.1872207607,122.870457478
Lemery,LEMERY,Pacuan,5,11.295194496,122.926877094
Lemery,LEMERY,Poblacion North West Zone,5,11.2302465191,122.921287762
Lemery,LEMERY,Poblacion South East Zone,5,11.2151916783,122.93280791
Lemery,LEMERY,Pontoc,5,11.2579824123,122.928446014
Lemery,LEMERY,San Antonio,5,11.2266241137,122.875039044
Lemery,LEMERY,San Diego,5,11.2374278637,122.882185174
Lemery,LEMERY,San Jose Moto,5,11.1679799751,122.926344619
Lemery,LEMERY,Sepanton,5,11.2369026479,122.941478791
Lemery,LEMERY,Sincua,5,11.282607001,122.934758181
Lemery,LEMERY,Tabunan,5,11.2332106656,122.933987893
Lemery,LEMERY,Tugas,5,11.2381693916,122.907954531
Lemery,LEMERY,Velasco,5,11.2495631787,122.959785799
Lemery,LEMERY,Yawyawan,5,11.269778914,122.886111079
Leon,LEON,Agboy Norte,2,10.7762539087,122.415102487
Leon,LEON,Agboy Sur,2,10.7688695817,122.407179359
Leon,LEON,Agta,2,10.8304619444,122.338472527
Leon,LEON,Ambulong,2,10.7755851117,122.338067067
Leon,LEON,Anonang,2,10.770380833,122.397896114
Leon,LEON,Apian,2,10.8223957226,122.344666473
Leon,LEON,Avanzada,2,10.7763795377,122.344352534
Leon,LEON,Awis,2,10.8115948567,122.370735545
Leon,LEON,Ayabang,2,10.8577177291,122.333093227
Leon,LEON,Ayubo,2,10.7940053028,122.325637512
Leon,LEON,Bacolod,2,10.8768592323,122.30101806
Leon,LEON,Baje,2,10.7988840404,122.340437592
Leon,LEON,Banagan,2,10.8749002031,122.342169869
Leon,LEON,Barangbang,2,10.816639923,122.328915736
Leon,LEON,Barasan,2,10.7895589035,122.373449358
Leon,LEON,Bayag Norte,2,10.7695045525,122.344886871
Leon,LEON,Bayag Sur,2,10.773334292,122.350952579
Leon,LEON,Biri Norte,2,10.7621990178,122.378064043
Leon,LEON,Biri Sur,2,10.7615157722,122.38994592
Leon,LEON,Bobon,2,10.8991610835,122.294290553
Leon,LEON,Bucari,2,10.865483312,122.301288173
Leon,LEON,Buenavista,2,10.7598928737,122.409218148
Leon,LEON,Buga,2,10.8167197046,122.388415961
Leon,LEON,Bulad,2,10.8128068595,122.36323638
Leon,LEON,Bulwang,2,10.8898602275,122.299169449
Leon,LEON,Cabutongan,2,10.7840627652,122.347871963
Leon,LEON,Cagay,2,10.8560929096,122.296771775
Leon,LEON,Camandag,2,10.888797754,122.294465862
Leon,LEON,Camando,2,10.8015771178,122.38291329
Leon,LEON,Cananaman,2,10.7945085185,122.333182911
Leon,LEON,Carolina,2,10.7976894241,122.350822095
Leon,LEON,Cawilihan,2,10.839667171,122.308938534
Leon,LEON,Coyugan Norte,2,10.8275060356,122.349985115
Leon,LEON,Coyugan Sur,2,10.8164129575,122.338731776
Leon,LEON,Danao,2,10.8512494443,122.283195767
Leon,LEON,Dorog,2,10.8354734803,122.330174607
Leon,LEON,Dusacan,2,10.8322217234,122.350273713
Leon,LEON,Gines,2,10.8656757642,122.337553233
Leon,LEON,Gumboc,2,10.8065678569,122.354267241
Leon,LEON,Igcadios,2,10.8490343736,122.33774278
Leon,LEON,Ingay,2,10.8457599538,122.291150739
Leon,LEON,Isian Norte,2,10.7701683799,122.365972916
Leon,LEON,Isian Victoria,2,10.7862687158,122.357457851
Leon,LEON,Jamog Gines,2,10.7689543041,122.356476597
Leon,LEON,Lampaya,2,10.8780095848,122.327377365
Leon,LEON,Lanag,2,10.8022852548,122.399810915
Leon,LEON,Lang-og,2,10.7987403611,122.363389114
Leon,LEON,Ligtos,2,10.833681681,122.360356051
Leon,LEON,Lonoc,2,10.7830023071,122.34095082
Leon,LEON,Magcapay,2,10.8181230867,122.356106312
Leon,LEON,Maliao,2,10.8689011108,122.317310844
Leon,LEON,Malublub,2,10.8431674727,122.365310908
Leon,LEON,Manampunay,2,10.8078776556,122.33011201
Leon,LEON,Marirong,2,10.8281763426,122.320975454
Leon,LEON,Mina,2,10.7712136889,122.340010754
Leon,LEON,Mocol,2,10.8122801473,122.342682093
Leon,LEON,Nagbangi,2,10.7865332964,122.398215644
Leon,LEON,Nalbang,2,10.8224992058,122.332509709
Leon,LEON,Odong-odong,2,10.7906515142,122.34436519
Leon,LEON,Oluangan,2,10.8236882723,122.366728076
Leon,LEON,Omambong,2,10.7548660879,122.393130669
Leon,LEON,Paga,2,10.8008248889,122.326065671
Leon,LEON,Pandan,2,10.75963092,122.401030964
Leon,LEON,Paoy,2,10.8072058315,122.375887631
Leon,LEON,Pepe,2,10.7874506543,122.334639694
Leon,LEON,Poblacion,2,10.7868133057,122.387159693
Leon,LEON,Salngan,2,10.7852283981,122.367908278
Leon,LEON,Siol Sur,2,10.7783414096,122.404423495
Leon,LEON,Tacuyong Norte,2,10.819085284,122.32136202
Leon,LEON,Tacuyong Sur,2,10.8048789256,122.346055764
Leon,LEON,Tagsing,2,10.847409296,122.322104995
Leon,LEON,Talacuan,2,10.7720309828,122.385993503
Leon,LEON,Ticuan,2,10.8611124045,122.352264701
Leon,LEON,Tunguan,2,10.8725267114,122.332063808
Leon,LEON,Tuog,2,10.7907810066,122.407742865
Maasin,MAASIN,Abay,3,10.8999745176,122.414970953
Maasin,MAASIN,Abilay,3,10.9264825071,122.423061781
Maasin,MAASIN,Amerang,3,10.9113178545,122.464608059
Maasin,MAASIN,Bagacay East,3,10.8892262549,122.445434316
Maasin,MAASIN,Bagacay West,3,10.8920583081,122.442976982
Maasin,MAASIN,Bolo,3,10.9302635528,122.397003101
Maasin,MAASIN,Bug-ot,3,10.9495609103,122.43834087
Maasin,MAASIN,Bulay,3,10.9403172071,122.473876735
Maasin,MAASIN,Buntalan,3,10.8898933999,122.410565414
Maasin,MAASIN,Burak,3,10.9435746828,122.462104216
Maasin,MAASIN,Caigon,3,10.8994229211,122.452498439
Maasin,MAASIN,Cananghan,3,10.9101823624,122.454942976
Maasin,MAASIN,Canawili,3,10.9375933926,122.452437592
Maasin,MAASIN,Dagami,3,10.9477470875,122.374042782
Maasin,MAASIN,Daja,3,10.8950349319,122.40972037
Maasin,MAASIN,Dalusan,3,10.9468777335,122.448199629
Maasin,MAASIN,Inabasan,3,10.86798192,122.434962397
Maasin,MAASIN,Layog,3,10.9432310393,122.412409145
Maasin,MAASIN,Linab,3,10.8813412348,122.395111601
Maasin,MAASIN,Liñagan Calsada,3,10.8933113614,122.421249016
Maasin,MAASIN,Liñagan Tacas,3,10.885803178,122.416273359
Maasin,MAASIN,Magsaysay,3,10.8810151271,122.425334912
Maasin,MAASIN,Mandog,3,10.8877417206,122.450785351
Maasin,MAASIN,Miapa,3,10.9042480807,122.459656979
Maasin,MAASIN,Nagba,3,10.9155182065,122.416295958
Maasin,MAASIN,Naslo,3,10.8932896239,122.439456722
Maasin,MAASIN,Nasuli,3,10.9473357636,122.42614069
Maasin,MAASIN,Panalian,3,10.9647756434,122.402725231
Maasin,MAASIN,Pianda-an East,3,10.867349881,122.419150957
Maasin,MAASIN,Pianda-an West,3,10.8759336419,122.411412199
Maasin,MAASIN,Pispis,3,10.911836945,122.44420286
Maasin,MAASIN,Punong,3,10.8911850925,122.379969013
Maasin,MAASIN,Sinubsuban,3,10.9023733827,122.423008165
Maasin,MAASIN,Siwalo,3,10.8614761722,122.427155881
Maasin,MAASIN,Subog,3,10.9637531871,122.428040614
Maasin,MAASIN,Tigbauan,3,10.9320603929,122.46232047
Maasin,MAASIN,Trangka,3,10.9697335249,122.368008213
Maasin,MAASIN,Tubang,3,10.9086096928,122.432078614
Maasin,MAASIN,Tulahong,3,10.9278929507,122.443580688
Maasin,MAASIN,Tuy-an East,3,10.9217175086,122.4605196
Maasin,MAASIN,Tuy-an West,3,10.938041326,122.436580241
Maasin,MAASIN,Ubian,3,10.967388263,122.387617805
Miagao,MIAGAO,Agdum,1,10.7242424779,122.198573014
Miagao,MIAGAO,Aguiauan,1,10.6817779505,122.202196624
Miagao,MIAGAO,Alimodias,1,10.7105021914,122.136423059
Miagao,MIAGAO,Awang,1,10.6564452194,122.148341706
Miagao,MIAGAO,Bacauan,1,10.6495903196,122.213509288
Miagao,MIAGAO,Bacolod,1,10.6784161426,122.164093081
Miagao,MIAGAO,Bagumbayan,1,10.6563051473,122.231950013
Miagao,MIAGAO,Banbanan,1,10.6867075573,122.207216151
Miagao,MIAGAO,Banga,1,10.6978828829,122.228193488
Miagao,MIAGAO,Bangladan,1,10.6785620585,122.2596625
Miagao,MIAGAO,Banuyao,1,10.6573796114,122.253750332
Miagao,MIAGAO,Bariri,1,10.7005564234,122.180028971
Miagao,MIAGAO,Belen,1,10.7056587972,122.193415825
Miagao,MIAGAO,Buenavista Norte,1,10.6536243456,122.181673372
Miagao,MIAGAO,Buenavista Sur,1,10.6500581919,122.144517483
Miagao,MIAGAO,Bugtong Naulid,1,10.6846496054,122.243717983
Miagao,MIAGAO,Cabalaunan,1,10.7211445122,122.146825691
Miagao,MIAGAO,Cabangcalan,1,10.679782068,122.177527978
Miagao,MIAGAO,Cadoldolan,1,10.7187934667,122.160481194
Miagao,MIAGAO,Cagbang,1,10.6894813813,122.198865437
Miagao,MIAGAO,Caitib,1,10.6757771207,122.241544435
Miagao,MIAGAO,Calagtangan,1,10.6649442498,122.186687674
Miagao,MIAGAO,Calampitao,1,10.6675997319,122.272234655
Miagao,MIAGAO,Cavite,1,10.6917289273,122.214424787
Miagao,MIAGAO,Cawayanan,1,10.6684763227,122.165288634
Miagao,MIAGAO,Damilisan,1,10.6334524523,122.193818116
Miagao,MIAGAO,Dawog,1,10.6810764775,122.227116178
Miagao,MIAGAO,Diday,1,10.6744662626,122.191723872
Miagao,MIAGAO,Dingle,1,10.6614344036,122.267762928
Miagao,MIAGAO,Durog,1,10.6665745273,122.235075815
Miagao,MIAGAO,Frantilla,1,10.6981737083,122.198630522
Miagao,MIAGAO,Fundacion,1,10.6403888899,122.183313269
Miagao,MIAGAO,Gines,1,10.6624840959,122.270937483
Miagao,MIAGAO,Igbita,1,10.7100059968,122.176085294
Miagao,MIAGAO,Igbugo,1,10.6595710038,122.166675967
Miagao,MIAGAO,Igcabidio,1,10.6412329334,122.171664431
Miagao,MIAGAO,Igcatambor,1,10.6474780307,122.149934533
Miagao,MIAGAO,Igdulaca,1,10.6381159929,122.15581122
Miagao,MIAGAO,Igpajo,1,10.6593174453,122.19652009
Miagao,MIAGAO,Igpandan,1,10.6795478629,122.155004722
Miagao,MIAGAO,Igsoligue,1,10.6632232415,122.148206528
Miagao,MIAGAO,Igtuba,1,10.64560534,122.240521319
Miagao,MIAGAO,Ilog-ilog,1,10.6467485492,122.165492715
Miagao,MIAGAO,Indag-an,1,10.6698495794,122.220704038
Miagao,MIAGAO,Kirayan Norte,1,10.6510672304,122.250881972
Miagao,MIAGAO,Kirayan Sur,1,10.6442900132,122.248508468
Miagao,MIAGAO,Kirayan Tacas,1,10.6574457439,122.243930117
Miagao,MIAGAO,La Consolacion,1,10.7010071933,122.174148034
Miagao,MIAGAO,Lanutan,1,10.6324970701,122.169695081
Miagao,MIAGAO,Lumangan,1,10.6550036898,122.200901261
Miagao,MIAGAO,Mabayan,1,10.7219162393,122.190511721
Miagao,MIAGAO,Maduyo,1,10.7151712907,122.209654555
Miagao,MIAGAO,Malagyan,1,10.6611387083,122.223188187
Miagao,MIAGAO,Mambatad,1,10.6441901489,122.222709498
Miagao,MIAGAO,Maninila,1,10.6586275871,122.263448888
Miagao,MIAGAO,Maricolcol,1,10.6895298979,122.232182467
Miagao,MIAGAO,Maringyan,1,10.6234333293,122.176284373
Miagao,MIAGAO,Matalngon,1,10.7140136411,122.16690795
Miagao,MIAGAO,Naclub,1,10.6670316293,122.177987965
Miagao,MIAGAO,Nam-o Norte,1,10.6547046526,122.172341352
Miagao,MIAGAO,Narat-an,1,10.6173377249,122.167102254
Miagao,MIAGAO,Narorogan,1,10.6511222905,122.159066663
Miagao,MIAGAO,Naulid,1,10.6575915582,122.258091539
Miagao,MIAGAO,Onop,1,10.7339480073,122.158676824
Miagao,MIAGAO,Oya-oy,1,10.7249611945,122.207501979
Miagao,MIAGAO,Oyungan,1,10.6299688366,122.181638751
Miagao,MIAGAO,Palaca,1,10.6442393274,122.200898465
Miagao,MIAGAO,Paro-on,1,10.6630842836,122.210304406
Miagao,MIAGAO,Poblacion,1,10.6435426954,122.234829754
Miagao,MIAGAO,Potrido,1,10.6369077069,122.188561553
Miagao,MIAGAO,Pudpud,1,10.6957530967,122.168024736
Miagao,MIAGAO,Sag-on,1,10.6600444762,122.192432072
Miagao,MIAGAO,San Fernando,1,10.6461940542,122.179860501
Miagao,MIAGAO,San Jose,1,10.7095899749,122.196146953
Miagao,MIAGAO,San Rafael,1,10.6229628409,122.169982296
Miagao,MIAGAO,Sapa,1,10.6404744254,122.2293889
Miagao,MIAGAO,Saring,1,10.6976958994,122.189596907
Miagao,MIAGAO,Sibucao,1,10.6922215859,122.222478025
Miagao,MIAGAO,Taal,1,10.6986051284,122.212263172
Miagao,MIAGAO,Tambong,1,10.6729362937,122.20132013
Miagao,MIAGAO,Tan-agan,1,10.6764045732,122.214767358
Miagao,MIAGAO,Tatoy,1,10.6688520064,122.262768489
Miagao,MIAGAO,Ticdalan,1,10.6871504842,122.185424373
Miagao,MIAGAO,Tig-amaga,1,10.7076752706,122.159581102
Miagao,MIAGAO,Tigbagacay,1,10.6813021003,122.172037407
Miagao,MIAGAO,Tiglawa,1,10.7072232974,122.219559946
Miagao,MIAGAO,Tigmalapad,1,10.7160139411,122.180274658
Miagao,MIAGAO,Tigmarabo,1,10.7428835704,122.19260909
Miagao,MIAGAO,To-og,1,10.7255889186,122.170391829
Miagao,MIAGAO,Valencia,1,10.6660285165,122.252914817
Miagao,MIAGAO,Wayang,1,10.7014761385,122.20600997
Mina,MINA,Abat,3,10.9446762642,122.561560528
Mina,MINA,Agmanaphao,3,10.9198619149,122.60289798
Mina,MINA,Amiroy,3,10.9182174191,122.568952371
Mina,MINA,Badiangan,3,10.9095849518,122.591158529
Mina,MINA,Bangac,3,10.9386101014,122.570201229
Mina,MINA,Cabalabaguan,3,10.9384122415,122.582824361
Mina,MINA,Capul-an,3,10.9598626524,122.593479514
Mina,MINA,Dala,3,10.9286219807,122.592280815
Mina,MINA,Guibuangan,3,10.9504203969,122.582797302
Mina,MINA,Janipa-an East,3,10.9037014089,122.573302752
Mina,MINA,Janipa-an West,3,10.909166026,122.559485407
Mina,MINA,Mina East,3,10.9275281614,122.577803625
Mina,MINA,Mina West,3,10.9304432841,122.571407105
Mina,MINA,Nasirum,3,10.9546907773,122.58842822
Mina,MINA,Naumuan,3,10.9555970403,122.564055395
Mina,MINA,Singay,3,10.9234073257,122.588131407
Mina,MINA,Talibong Grande,3,10.9472738714,122.574360825
Mina,MINA,Talibong Pequeño,3,10.9563176571,122.577675816
Mina,MINA,Tipolo,3,10.9606139479,122.569705964
Mina,MINA,Tolarucan,3,10.9307997772,122.559129271
Mina,MINA,Tumay,3,10.9442822775,122.589972914
Mina,MINA,Yugot,3,10.9668050337,122.576017829
New Lucena,NEW LUCENA,Baclayan,3,10.8701819001,122.584986598
New Lucena,NEW LUCENA,Badiang,3,10.8967366219,122.593571159
New Lucena,NEW LUCENA,Balabag,3,10.8714464422,122.599880463
New Lucena,NEW LUCENA,Bilidan,3,10.8536837301,122.58284429
New Lucena,NEW LUCENA,Bolalacao,3,10.8870513875,122.586151335
New Lucena,NEW LUCENA,Burot,3,10.8711509376,122.548527917
New Lucena,NEW LUCENA,Cabilauan,3,10.8634409777,122.564570544
New Lucena,NEW LUCENA,Cabugao,3,10.8815014949,122.554347081
New Lucena,NEW LUCENA,Cagban,3,10.8764949862,122.541814219
New Lucena,NEW LUCENA,Calumbuyan,3,10.8638057715,122.603157027
New Lucena,NEW LUCENA,Damires,3,10.8561937496,122.595066859
New Lucena,NEW LUCENA,Dawis,3,10.8865245781,122.605640324
New Lucena,NEW LUCENA,General Delgado,3,10.8837634634,122.543152236
New Lucena,NEW LUCENA,Janipa-an Oeste,3,10.8968465955,122.562029364
New Lucena,NEW LUCENA,Jelicuon Este,3,10.8439446614,122.598232382
New Lucena,NEW LUCENA,Jelicuon Oeste,3,10.8922083537,122.550263712
New Lucena,NEW LUCENA,Pasil,3,10.8397245513,122.596695607
New Lucena,NEW LUCENA,Poblacion,3,10.8786401363,122.589785173
New Lucena,NEW LUCENA,Wari-wari,3,10.8759654213,122.56768296
Oton,OTON,Alegre,0,10.6881265112,122.489744479
Oton,OTON,Batuan Ilaud,0,10.7177278933,122.429496123
Oton,OTON,Batuan Ilaya,0,10.7351734163,122.429206988
Oton,OTON,Cabanbanan,0,10.6901840171,122.426228486
Oton,OTON,Cadinglian,0,10.7395909552,122.438803463
Oton,OTON,Cagbang,0,10.7015815292,122.502169783
Oton,OTON,Calam-isan,0,10.7155035497,122.438881927
Oton,OTON,Lambuyao,0,10.7065311225,122.489956221
Oton,OTON,Mambog,0,10.7348225593,122.489616562
Oton,OTON,Pakiad,0,10.7185700482,122.511454427
Oton,OTON,Poblacion,0,10.6940521064,122.475188623
Oton,OTON,Rizal,0,10.7615316255,122.449363724
Oton,OTON,Sambaludan,0,10.7046777628,122.425059089
Oton,OTON,San Antonio,0,10.6940849011,122.48638469
Oton,OTON,San Nicolas,0,10.6934071198,122.49313982
Oton,OTON,Trapiche,0,10.6983976512,122.454423032
Passi City,PASSI CITY,Agdahon,4,11.1218253279,122.609733533
Passi City,PASSI CITY,Agdayao,4,11.1015205957,122.58801005
Passi City,PASSI CITY,Aglalana,4,11.2012144087,122.656976132
Passi City,PASSI CITY,Agtambo,4,11.1755117676,122.649001889
Passi City,PASSI CITY,Alimono,4,11.1837905864,122.69797653
Passi City,PASSI CITY,Arac,4,11.12279009,122.633398031
Passi City,PASSI CITY,Ayuyan,4,11.2066724716,122.597295389
Passi City,PASSI CITY,Bacuranan,4,11.1398657398,122.648815369
Passi City,PASSI CITY,Bagacay,4,11.151960231,122.615267759
Passi City,PASSI CITY,Batu,4,11.0842684485,122.636889499
Passi City,PASSI CITY,Bayan,4,11.151496885,122.651019806
Passi City,PASSI CITY,Bitaogan,4,11.1821702275,122.624687786
Passi City,PASSI CITY,Buenavista,4,11.1424933844,122.628015379
Passi City,PASSI CITY,Buyo,4,11.1809377507,122.586111612
Passi City,PASSI CITY,Cabunga,4,11.1699510741,122.611640388
Passi City,PASSI CITY,Cadilang,4,11.0952268522,122.617097284
Passi City,PASSI CITY,Cairohan,4,11.1472663814,122.599215602
Passi City,PASSI CITY,Dalicanan,4,11.1816796464,122.75510051
Passi City,PASSI CITY,Gemat-y,4,11.1045001504,122.627387407
Passi City,PASSI CITY,Imbang Grande,4,11.1146223384,122.659481681
Passi City,PASSI CITY,Jaguimitan,4,11.1436211783,122.684400804
Passi City,PASSI CITY,Libo-o,4,11.1085931404,122.617235616
Passi City,PASSI CITY,Maasin,4,11.1460672812,122.631956977
Passi City,PASSI CITY,Magdungao,4,11.1869669046,122.679805127
Passi City,PASSI CITY,Malag-it Grande,4,11.1349460768,122.609264625
Passi City,PASSI CITY,Malag-it Pequeño,4,11.1319575856,122.624948089
Passi City,PASSI CITY,Mambiranan Grande,4,11.1628058714,122.59424802
Passi City,PASSI CITY,Mambiranan Pequeño,4,11.1558073787,122.600632843
Passi City,PASSI CITY,Man-it,4,11.0952717536,122.62994948
Passi City,PASSI CITY,Mantulang,4,11.1098828662,122.605264883
Passi City,PASSI CITY,Mulapula,4,11.194247851,122.595773325
Passi City,PASSI CITY,Nueva Union,4,11.224768458,122.611742951
Passi City,PASSI CITY,Pagaypay,4,11.1412875329,122.618974338
Passi City,PASSI CITY,Pangi,4,11.1000835762,122.600658328
Passi City,PASSI CITY,Poblacion Ilawod,4,11.1058713683,122.643896026
Passi City,PASSI CITY,Poblacion Ilaya,4,11.1123443862,122.640624819
Passi City,PASSI CITY,Punong,4,11.0852792038,122.626884471
Passi City,PASSI CITY,Quinagaringan Grande,4,11.1281463046,122.589198127
Passi City,PASSI CITY,Quinagaringan Pequeño,4,11.1228461996,122.597056066
Passi City,PASSI CITY,Sablogon,4,11.1254332137,122.649178461
Passi City,PASSI CITY,Salngan,4,11.1813541638,122.717256077
Passi City,PASSI CITY,Santo Tomas,4,11.2017332978,122.632013955
Passi City,PASSI CITY,Sarapan,4,11.1623667576,122.654009785
Passi City,PASSI CITY,Tagubong,4,11.2123814048,122.729282415
Passi City,PASSI CITY,Talongonan,4,11.1228262751,122.68302497
Passi City,PASSI CITY,Tuburan,4,11.157381374,122.624928337
Pavia,PAVIA,Aganan,0,10.7689976577,122.531803627
Pavia,PAVIA,Amparo,0,10.779894582,122.521293132
Pavia,PAVIA,Anilao,0,10.7663642485,122.546164139
Pavia,PAVIA,Balabag,0,10.7651573394,122.519515423
Pavia,PAVIA,Cabugao Norte,0,10.7906181952,122.546531682
Pavia,PAVIA,Cabugao Sur,0,10.7919543278,122.535502773
Pavia,PAVIA,Jibao-an,0,10.7562295977,122.508708836
Pavia,PAVIA,Mali-ao,0,10.7854667004,122.532512122
Pavia,PAVIA,Pagsanga-an,0,10.7703587349,122.556059713
Pavia,PAVIA,Pal-agon,0,10.7786917774,122.526837345
Pavia,PAVIA,Pandac,0,10.7482869428,122.524633264
Pavia,PAVIA,Purok I,0,10.7819854581,122.53855096
Pavia,PAVIA,Purok II,0,10.7751801586,122.535372502
Pavia,PAVIA,Purok III,0,10.7737366694,122.544669553
Pavia,PAVIA,Purok IV,0,10.7721969347,122.53859429
Pavia,PAVIA,Tigum,0,10.7810712163,122.555151129
Pavia,PAVIA,Ungka I,0,10.763459879,122.538855543
Pototan,POTOTAN,Abangay,3,10.9597204669,122.645287123
Pototan,POTOTAN,Amamaros,3,10.9230095205,122.6213403
Pototan,POTOTAN,Barasan,3,10.920821398,122.655342359
Pototan,POTOTAN,Bongco,3,10.859332201,122.647167269
Pototan,POTOTAN,Callan,3,10.9356078694,122.66792918
Pototan,POTOTAN,Cansilayan,3,10.8903782972,122.656101669
Pototan,POTOTAN,Casalsagan,3,10.8983301855,122.613644613
Pototan,POTOTAN,Culob,3,10.8869196386,122.644663605
Pototan,POTOTAN,DAwis,3,10.8821861146,122.613590618
Pototan,POTOTAN,Danao,3,10.968936757,122.615157858
Pototan,POTOTAN,Dapitan,3,10.933407321,122.656113218
Pototan,POTOTAN,Dongsol,3,10.8665888828,122.635215946
Pototan,POTOTAN,Guibuangan,3,10.9393306796,122.663163315
Pototan,POTOTAN,Guinacas,3,10.9479161888,122.607463316
Pototan,POTOTAN,Igang,3,10.9148869022,122.636310843
Pototan,POTOTAN,Iwa Ilaud,3,10.9797397129,122.635844877
Pototan,POTOTAN,Iwa Ilaya,3,10.987593763,122.627560456
Pototan,POTOTAN,Jebioc,3,10.87789838,122.640065584
Pototan,POTOTAN,Lay-ahan,3,10.9706640678,122.599325758
Pototan,POTOTAN,Lumbo,3,10.9388332502,122.599422656
Pototan,POTOTAN,Macatol,3,10.9716670754,122.625716622
Pototan,POTOTAN,Nabitasan,3,10.9662126323,122.585620811
Pototan,POTOTAN,Naga,3,10.8967562955,122.632626784
Pototan,POTOTAN,Nanga,3,10.8734043436,122.648204207
Pototan,POTOTAN,Naslo,3,10.9588850129,122.609021732
Pototan,POTOTAN,Pajo,3,10.8969101587,122.646815278
Pototan,POTOTAN,Palanguia,3,10.9872450194,122.591769987
Pototan,POTOTAN,Pitogo,3,10.9812848732,122.600642842
Pototan,POTOTAN,Polot-an,3,10.922237636,122.667224738
Pototan,POTOTAN,Purog,3,10.9341179131,122.615191643
Pototan,POTOTAN,Sinuagan,3,10.9742143322,122.586604065
Pototan,POTOTAN,Tuburan,3,10.9137801704,122.676896819
Pototan,POTOTAN,Tumcon Ilaud,3,10.9074079764,122.654851722
Pototan,POTOTAN,Ubang,3,10.9848749785,122.614933831
Pototan,POTOTAN,Zarrague,3,10.9661308453,122.638344332
San Dionisio,SAN DIONISIO,Agdaliran,5,11.3545812453,123.123155247
San Dionisio,SAN DIONISIO,Amayong,5,11.3826069406,123.084703528
San Dionisio,SAN DIONISIO,Bagacay,5,11.3502402601,123.10452452
San Dionisio,SAN DIONISIO,Batuan,5,11.3740464478,123.082846183
San Dionisio,SAN DIONISIO,Canas,5,11.376343873,123.100247527
San Dionisio,SAN DIONISIO,Capinang,5,11.2936302521,123.075080314
San Dionisio,SAN DIONISIO,Conchita,5,11.335645632,123.079271507
San Dionisio,SAN DIONISIO,Cubay,5,11.3431639572,123.089623789
San Dionisio,SAN DIONISIO,Cudionan,5,11.3223538986,123.076230726
San Dionisio,SAN DIONISIO,Dugman,5,11.2866217509,123.051021712
San Dionisio,SAN DIONISIO,Madanlog,5,11.3751288133,123.114746582
San Dionisio,SAN DIONISIO,Manduawak,5,11.3653974554,123.068449073
San Dionisio,SAN DIONISIO,Moto,5,11.2693315813,123.057099843
San Dionisio,SAN DIONISIO,Nipa,5,11.2478208259,123.093493986
San Dionisio,SAN DIONISIO,Odiongan,5,11.3699675807,123.131643099
San Dionisio,SAN DIONISIO,Pangi,5,11.3227194802,123.042448871
San Dionisio,SAN DIONISIO,Poblacion,5,11.2704983302,123.094783342
San Dionisio,SAN DIONISIO,San Nicolas,5,11.3087527408,123.075138319
San Dionisio,SAN DIONISIO,Santol,5,11.2752937465,123.064801128
San Dionisio,SAN DIONISIO,Siempreviva,5,11.2582593846,123.089677699
San Dionisio,SAN DIONISIO,Sua,5,11.3163193164,123.097580352
San Dionisio,SAN DIONISIO,Tamangi,5,11.3643762716,123.103435751
San Dionisio,SAN DIONISIO,Tiabas,5,11.2958141298,123.09583731
San Dionisio,SAN DIONISIO,Tuble,5,11.3007664148,123.059963898
San Enrique,SAN ENRIQUE,Abaca,4,11.1268033353,122.716885284
San Enrique,SAN ENRIQUE,Asisig,4,11.1077500835,122.670832038
San Enrique,SAN ENRIQUE,Bantayan,4,11.0901292718,122.686444779
San Enrique,SAN ENRIQUE,Braulan,4,11.1376790751,122.733005486
San Enrique,SAN ENRIQUE,Cabugao Nuevo,4,11.0712074146,122.670113167
San Enrique,SAN ENRIQUE,Cabugao Viejo,4,11.0741597926,122.663808894
San Enrique,SAN ENRIQUE,Camiri,4,11.0851913769,122.648780994
San Enrique,SAN ENRIQUE,Catan-agan,4,11.1203751648,122.751130792
San Enrique,SAN ENRIQUE,Compo,4,11.0579428946,122.655787912
San Enrique,SAN ENRIQUE,Cubay,4,11.0785439426,122.702851309
San Enrique,SAN ENRIQUE,Dacal,4,11.1178961854,122.702657141
San Enrique,SAN ENRIQUE,Dumiles,4,11.1020821387,122.70783973
San Enrique,SAN ENRIQUE,Garita,4,11.0858350451,122.729536994
San Enrique,SAN ENRIQUE,Imbang Pequeño,4,11.099469636,122.654222363
San Enrique,SAN ENRIQUE,Imbesad-an,4,11.0720390968,122.687270901
San Enrique,SAN ENRIQUE,Iprog,4,11.1556185292,122.751824933
San Enrique,SAN ENRIQUE,Lip-ac,4,11.0645661119,122.677385324
San Enrique,SAN ENRIQUE,Madarag,4,11.1537850516,122.774081288
San Enrique,SAN ENRIQUE,Mapili,4,11.1033754474,122.734330263
San Enrique,SAN ENRIQUE,Paga,4,11.0871402078,122.66814974
San Enrique,SAN ENRIQUE,Palje,4,11.05836387,122.667284592
San Enrique,SAN ENRIQUE,Poblacion Ilawod,4,11.0709435211,122.652669406
San Enrique,SAN ENRIQUE,Poblacion Ilaya,4,11.0767858004,122.656131924
San Enrique,SAN ENRIQUE,Quinolpan,4,11.1112880839,122.688204355
San Enrique,SAN ENRIQUE,San Antonio,4,11.1249792161,122.781560431
San Enrique,SAN ENRIQUE,Tambunac,4,11.0761625064,122.676709924
San Joaquin,SAN JOAQUIN,Amboyu-an,1,10.5490480394,122.07197579
San Joaquin,SAN JOAQUIN,Andres Bonifacio,1,10.4936337296,122.022038586
San Joaquin,SAN JOAQUIN,Antalon,1,10.6244899104,122.110221413
San Joaquin,SAN JOAQUIN,Bad-as,1,10.7082761823,122.094083433
San Joaquin,SAN JOAQUIN,Bagumbayan,1,10.6138996163,122.120325441
San Joaquin,SAN JOAQUIN,Balabago,1,10.5625853768,122.077402446
San Joaquin,SAN JOAQUIN,Bayunan,1,10.6121876713,122.146087705
San Joaquin,SAN JOAQUIN,Bonga,1,10.6100149138,122.135686028
San Joaquin,SAN JOAQUIN,Bucaya,1,10.589397651,122.106150926
San Joaquin,SAN JOAQUIN,Bulho,1,10.5895218393,122.091272015
San Joaquin,SAN JOAQUIN,Cadluman,1,10.6741402746,122.083860406
San Joaquin,SAN JOAQUIN,Cadoldolan,1,10.5987557183,122.107450703
San Joaquin,SAN JOAQUIN,Camaba-an,1,10.639787596,122.113927472
San Joaquin,SAN JOAQUIN,Camia,1,10.6125170085,122.07628615
San Joaquin,SAN JOAQUIN,Cata-an,1,10.5351025061,122.06709964
San Joaquin,SAN JOAQUIN,Dacdacanan,1,10.5498751936,122.055206979
San Joaquin,SAN JOAQUIN,Escalantera,1,10.5708666598,122.035492218
San Joaquin,SAN JOAQUIN,Ginot-an,1,10.6508211534,122.133976953
San Joaquin,SAN JOAQUIN,Guibongan Bayunan,1,10.6085092904,122.157833991
San Joaquin,SAN JOAQUIN,Huna,1,10.6063878472,122.143828239
San Joaquin,SAN JOAQUIN,Igbaje,1,10.5299647485,122.021528496
San Joaquin,SAN JOAQUIN,Igbangcal,1,10.5251811844,122.031756841
San Joaquin,SAN JOAQUIN,Igbinangon,1,10.6234171523,122.132181675
San Joaquin,SAN JOAQUIN,Igburi,1,10.5974193824,122.120685126
San Joaquin,SAN JOAQUIN,Igcabutong,1,10.5637963175,122.051528414
San Joaquin,SAN JOAQUIN,Igcadlum,1,10.5098172205,122.054507021
San Joaquin,SAN JOAQUIN,Igcaphang,1,10.6155164831,122.150761377
San Joaquin,SAN JOAQUIN,Igcaratong,1,10.6059944892,122.044479972
San Joaquin,SAN JOAQUIN,Igcondao,1,10.5207447685,122.058320913
San Joaquin,SAN JOAQUIN,Igcores,1,10.509603046,122.035572208
San Joaquin,SAN JOAQUIN,Igdagmay,1,10.6737159735,122.109248009
San Joaquin,SAN JOAQUIN,Igdomingding,1,10.5421361146,122.041403185
San Joaquin,SAN JOAQUIN,Iglilico,1,10.6883344039,122.072745757
San Joaquin,SAN JOAQUIN,Igpayong,1,10.6951042413,122.097642953
San Joaquin,SAN JOAQUIN,Jawod,1,10.6174789171,122.061446372
San Joaquin,SAN JOAQUIN,Languanan,1,10.5191310798,122.044331667
San Joaquin,SAN JOAQUIN,Lawigan,1,10.4939783543,122.042045168
San Joaquin,SAN JOAQUIN,Lomboy,1,10.6313041023,122.138993308
San Joaquin,SAN JOAQUIN,Lopez Vito,1,10.5715578094,122.047430368
San Joaquin,SAN JOAQUIN,Mabini Norte,1,10.5157096154,122.025519705
San Joaquin,SAN JOAQUIN,Mabini Sur,1,10.5056030621,122.020716024
San Joaquin,SAN JOAQUIN,Manhara,1,10.6164827615,122.15607521
San Joaquin,SAN JOAQUIN,Maninila,1,10.6666334248,122.06912861
San Joaquin,SAN JOAQUIN,Masagud,1,10.5878132128,122.100842067
San Joaquin,SAN JOAQUIN,Matambog,1,10.6192312983,122.093699984
San Joaquin,SAN JOAQUIN,Mayunoc,1,10.6081084562,122.101024964
San Joaquin,SAN JOAQUIN,Montinola,1,10.5428464864,122.024060699
San Joaquin,SAN JOAQUIN,Nadsadan,1,10.6522682516,122.116053091
San Joaquin,SAN JOAQUIN,Nagquirisan,1,10.55613167,122.022522452
San Joaquin,SAN JOAQUIN,Nagsipit,1,10.6057622833,122.062613768
San Joaquin,SAN JOAQUIN,New Gumawan,1,10.5699234922,122.024807443
San Joaquin,SAN JOAQUIN,Panatan,1,10.5607289099,122.061642498
San Joaquin,SAN JOAQUIN,Pitogo,1,10.5868166705,122.064846401
San Joaquin,SAN JOAQUIN,Poblacion,1,10.5941723451,122.137579077
San Joaquin,SAN JOAQUIN,Roma,1,10.6329574249,122.122340337
San Joaquin,SAN JOAQUIN,San Luis,1,10.5312764214,122.044547339
San Joaquin,SAN JOAQUIN,San Mateo Norte,1,10.6847627149,122.095676675
San Joaquin,SAN JOAQUIN,San Mateo Sur,1,10.5553817838,122.045842
San Joaquin,SAN JOAQUIN,Santa Rita,1,10.5786232171,122.091456887
San Joaquin,SAN JOAQUIN,Santiago,1,10.6397415327,122.09652871
San Joaquin,SAN JOAQUIN,Sinogbuhan,1,10.4793520378,122.022082025
San Joaquin,SAN JOAQUIN,Siwaragan,1,10.5900284139,122.115880763
San Joaquin,SAN JOAQUIN,Talagutac,1,10.5520181269,122.034466466
San Joaquin,SAN JOAQUIN,Tapikan,1,10.6146355837,122.161982541
San Joaquin,SAN JOAQUIN,Taslan,1,10.6231966763,122.144449877
San Joaquin,SAN JOAQUIN,Tiglawa,1,10.5948734763,122.040890051
San Joaquin,SAN JOAQUIN,Tiolas,1,10.5751111909,122.083120397
San Joaquin,SAN JOAQUIN,Torocadan,1,10.6260960861,122.083008023
San Joaquin,SAN JOAQUIN,Ulay,1,10.6521496976,122.058959906
San Miguel,SAN MIGUEL,Consolacion,2,10.8114728934,122.47543835
San Miguel,SAN MIGUEL,Igtambo,2,10.7877616822,122.450381965
San Miguel,SAN MIGUEL,San Antonio,2,10.7752941981,122.43492785
San Miguel,SAN MIGUEL,San Jose,2,10.7671343227,122.489656008
San Rafael,SAN RAFAEL,Aripdip,5,11.1441693492,122.845817355
San Rafael,SAN RAFAEL,Bagacay,5,11.1804857334,122.856742126
San Rafael,SAN RAFAEL,Calaigang,5,11.1835897705,122.84314686
San Rafael,SAN RAFAEL,Ilongbukid,5,11.1426430414,122.823318315
San Rafael,SAN RAFAEL,Poblacion,5,11.1781578203,122.821189631
San Rafael,SAN RAFAEL,Poscolon,5,11.1615823914,122.847597422
Santa Barbara,SANTA BARBARA,Agusipan,3,10.8135520837,122.557950476
Santa Barbara,SANTA BARBARA,Agutayan,3,10.8141240983,122.540669986
Santa Barbara,SANTA BARBARA,Bagumbayan,3,10.8478532481,122.523598851
Santa Barbara,SANTA BARBARA,Balabag,3,10.7746695443,122.506932659
Santa Barbara,SANTA BARBARA,Balibagan Este,3,10.7994421812,122.518566427
Santa Barbara,SANTA BARBARA,Balibagan Oeste,3,10.8096293398,122.511408597
Santa Barbara,SANTA BARBARA,Ban-ag,3,10.8502243593,122.543154319
Santa Barbara,SANTA BARBARA,Bantay,3,10.8712512587,122.534885257
Santa Barbara,SANTA BARBARA,Barasan Este,3,10.8292643244,122.561660652
Santa Barbara,SANTA BARBARA,Barasan Oeste,3,10.8564649015,122.552305241
Santa Barbara,SANTA BARBARA,Binangkilan,3,10.8388845081,122.57219408
Santa Barbara,SANTA BARBARA,Bolong Este,3,10.8106800879,122.531689432
Santa Barbara,SANTA BARBARA,Bolong Oeste,3,10.8180861453,122.530848716
Santa Barbara,SANTA BARBARA,Buyo,3,10.789321853,122.496200566
Santa Barbara,SANTA BARBARA,Cabugao Norte,3,10.800078591,122.54577404
Santa Barbara,SANTA BARBARA,Cabugao Sur,3,10.8022633949,122.529390911
Santa Barbara,SANTA BARBARA,Cadagmayan Norte,3,10.8241078915,122.50722239
Santa Barbara,SANTA BARBARA,Cadagmayan Sur,3,10.8164177707,122.497757437
Santa Barbara,SANTA BARBARA,Cafe,3,10.840058591,122.561887353
Santa Barbara,SANTA BARBARA,Calaboa Este,3,10.8168631545,122.583930431
Santa Barbara,SANTA BARBARA,Calaboa Oeste,3,10.8132705671,122.566859499
Santa Barbara,SANTA BARBARA,Camambugan,3,10.8361774166,122.514167432
Santa Barbara,SANTA BARBARA,Canipayan,3,10.8238421994,122.573289436
Santa Barbara,SANTA BARBARA,Conaynay,3,10.8224768792,122.583263807
Santa Barbara,SANTA BARBARA,Daga,3,10.8524212708,122.560330116
Santa Barbara,SANTA BARBARA,Dalid,3,10.8464450834,122.549462
Santa Barbara,SANTA BARBARA,General Martin T. Delgado,3,10.8333955356,122.528647881
Santa Barbara,SANTA BARBARA,Guno,3,10.8415508739,122.542129534
Santa Barbara,SANTA BARBARA,Inangayan,3,10.8150991739,122.522293464
Santa Barbara,SANTA BARBARA,Jibao-an,3,10.7765955117,122.499773805
Santa Barbara,SANTA BARBARA,Lacadon,3,10.8545663859,122.529590069
Santa Barbara,SANTA BARBARA,Lanag,3,10.8335662152,122.5453392
Santa Barbara,SANTA BARBARA,Lupa,3,10.8071021019,122.549230515
Santa Barbara,SANTA BARBARA,Magancina,3,10.8157834662,122.593335487
Santa Barbara,SANTA BARBARA,Malawog,3,10.8062563794,122.499101809
Santa Barbara,SANTA BARBARA,Mambuyo,3,10.8306141088,122.582301228
Santa Barbara,SANTA BARBARA,Manhayang,3,10.8475415404,122.535072015
Santa Barbara,SANTA BARBARA,Miraga-Guibuangan,3,10.8217624578,122.548580223
Santa Barbara,SANTA BARBARA,Nasugban,3,10.8096361693,122.504259242
Santa Barbara,SANTA BARBARA,Omambog,3,10.8364986751,122.588632257
Santa Barbara,SANTA BARBARA,Pal-agon,3,10.7874720087,122.5143864
Santa Barbara,SANTA BARBARA,Pungsod,3,10.8576829568,122.545101001
Santa Barbara,SANTA BARBARA,San Sebastian,3,10.8245674927,122.520947457
Santa Barbara,SANTA BARBARA,Sangcate,3,10.8413392895,122.528102593
Santa Barbara,SANTA BARBARA,Tagsing,3,10.7945722714,122.501357038
Santa Barbara,SANTA BARBARA,Talanghauan,3,10.8451858167,122.517344068
Santa Barbara,SANTA BARBARA,Talongadian,3,10.7824413559,122.496380798
Santa Barbara,SANTA BARBARA,Tigtig,3,10.8219293252,122.561438297
Santa Barbara,SANTA BARBARA,Tuburan,3,10.8214333158,122.59404643
Santa Barbara,SANTA BARBARA,Tugas,3,10.8646211428,122.527624123
Santa Barbara,SANTA BARBARA,Tungay,3,10.8380685002,122.534348198
Sara,SARA,Aldeguer,5,11.2685428453,123.044051298
Sara,SARA,Alibayog,5,11.2573179967,122.986043363
Sara,SARA,Anoring,5,11.2600940609,123.022363565
Sara,SARA,Apelo,5,11.2498305894,122.97692099
Sara,SARA,Apologista,5,11.2487649611,123.014701889
Sara,SARA,Aposaga,5,11.3179199271,123.021423807
Sara,SARA,Arante,5,11.2636999079,122.971640894
Sara,SARA,Ardemil,5,11.3148837619,122.973353732
Sara,SARA,Aspera,5,11.2515415694,123.006089771
Sara,SARA,Batitao,5,11.2279565924,123.01244458
Sara,SARA,Bato,5,11.2777379348,123.005624262
Sara,SARA,Castor,5,11.2806697489,123.040811325
Sara,SARA,Crespo,5,11.2508747922,123.0547546
Sara,SARA,Del Castillo,5,11.3507933926,122.975046666
Sara,SARA,Devera,5,11.2664170449,123.032674937
Sara,SARA,Domingo,5,11.280313058,122.971112393
Sara,SARA,Gildore,5,11.2289181565,123.003791413
Sara,SARA,Improgo,5,11.2206360471,122.971074592
Sara,SARA,Juaneza,5,11.3112016991,123.006988634
Sara,SARA,Labigan,5,11.2407683325,123.006202574
Sara,SARA,Latawan,5,11.3568725605,122.95191676
Sara,SARA,Malapaya,5,11.2967223543,122.974306847
Sara,SARA,Muyco,5,11.3307923966,122.943185035
Sara,SARA,Padios,5,11.2451330203,123.028604259
Sara,SARA,Poblacion Ilawod,5,11.2544895327,123.016857197
Sara,SARA,Poblacion Ilaya,5,11.2593843411,123.011926898
Sara,SARA,Poblacion Market,5,11.2571086364,123.013799067
Sara,SARA,Posadas,5,11.2879039233,123.023015814
Sara,SARA,Preciosa,5,11.2647810999,122.995808161
Sara,SARA,Salcedo,5,11.237250307,123.041518538
Sara,SARA,San Luis,5,11.2277713456,122.98203256
Sara,SARA,Tady,5,11.356731179,123.006527126
Sara,SARA,Tentay,5,11.2243573797,122.992870242
Sara,SARA,Zerrudo,5,11.2298251642,123.03237144
Tigbauan,TIGBAUAN,Atabayan,1,10.6853370013,122.40911123
Tigbauan,TIGBAUAN,Bagacay,1,10.6995305146,122.349860612
Tigbauan,TIGBAUAN,Baguingin,1,10.6889683324,122.402165548
Tigbauan,TIGBAUAN,Bagumbayan,1,10.6911622331,122.38224697
Tigbauan,TIGBAUAN,Bangkal,1,10.717492172,122.410029153
Tigbauan,TIGBAUAN,Bantud,1,10.7275174131,122.418760504
Tigbauan,TIGBAUAN,Barosong,1,10.7408546477,122.39057909
Tigbauan,TIGBAUAN,Bayuco,1,10.7121401743,122.368088056
Tigbauan,TIGBAUAN,Binaliuan Mayor,1,10.7249578454,122.362120922
Tigbauan,TIGBAUAN,Binaliuan Menor,1,10.7240722659,122.370923276
Tigbauan,TIGBAUAN,Bitas,1,10.7020337649,122.384041327
Tigbauan,TIGBAUAN,Buenavista,1,10.7107848196,122.359063303
Tigbauan,TIGBAUAN,Bugasongan,1,10.7171373184,122.333176736
Tigbauan,TIGBAUAN,Buyu-an,1,10.6784267852,122.35034926
Tigbauan,TIGBAUAN,Canabuan,1,10.7482179306,122.379102469
Tigbauan,TIGBAUAN,Cansilayan,1,10.7023775964,122.338807653
Tigbauan,TIGBAUAN,Cordova Norte,1,10.7392815401,122.405129951
Tigbauan,TIGBAUAN,Cordova Sur,1,10.7255328728,122.400472821
Tigbauan,TIGBAUAN,Danao,1,10.7192846899,122.341707165
Tigbauan,TIGBAUAN,Dapdap,1,10.7378158358,122.351135305
Tigbauan,TIGBAUAN,Dorong-an,1,10.6949867574,122.366220644
Tigbauan,TIGBAUAN,Guibuangan,1,10.6876672068,122.416147658
Tigbauan,TIGBAUAN,Guisian,1,10.7112589332,122.352058297
Tigbauan,TIGBAUAN,Isian,1,10.7536192984,122.367944332
Tigbauan,TIGBAUAN,Jamog,1,10.758506155,122.353983206
Tigbauan,TIGBAUAN,Lanag,1,10.7270391644,122.343684364
Tigbauan,TIGBAUAN,Linobayan,1,10.74192828,122.416476741
Tigbauan,TIGBAUAN,Lubog,1,10.7382203509,122.339972403
Tigbauan,TIGBAUAN,Nagba,1,10.7306040392,122.377914913
Tigbauan,TIGBAUAN,Namocon,1,10.6786484348,122.390611864
Tigbauan,TIGBAUAN,Napnapan Norte,1,10.7144778262,122.396731964
Tigbauan,TIGBAUAN,Napnapan Sur,1,10.7147900969,122.383366245
Tigbauan,TIGBAUAN,Parara Norte,1,10.6828098533,122.364619584
Tigbauan,TIGBAUAN,Parara Sur,1,10.6793219011,122.360482878
Tigbauan,TIGBAUAN,Poblacion,1,10.6775181183,122.377609625
Tigbauan,TIGBAUAN,San Rafael,1,10.7191634083,122.375945734
Tigbauan,TIGBAUAN,Sipitan,1,10.7522185503,122.417914926
Tigbauan,TIGBAUAN,Supa,1,10.69335689,122.336042243
Tigbauan,TIGBAUAN,Taro,1,10.7481372335,122.349786226
Tubungan,TUBUNGAN,Adgao,1,10.7428680346,122.32175384
Tubungan,TUBUNGAN,Ago,1,10.7907341187,122.31237272
Tubungan,TUBUNGAN,Ambarihon,1,10.7617688343,122.294764827
Tubungan,TUBUNGAN,Bacan,1,10.7698963691,122.30834101
Tubungan,TUBUNGAN,Badiang,1,10.7830503561,122.271421272
Tubungan,TUBUNGAN,Bagunanay,1,10.8227052863,122.281384176
Tubungan,TUBUNGAN,Balicua,1,10.7544033103,122.321077267
Tubungan,TUBUNGAN,Bantayanan,1,10.8309918708,122.280696552
Tubungan,TUBUNGAN,Batga,1,10.7744855475,122.287057014
Tubungan,TUBUNGAN,Bato,1,10.821469956,122.293101939
Tubungan,TUBUNGAN,Bikil,1,10.8135493371,122.276013786
Tubungan,TUBUNGAN,Boloc,1,10.8287962767,122.304166669
Tubungan,TUBUNGAN,Borong,1,10.7761738429,122.332942
Tubungan,TUBUNGAN,Buenavista,1,10.7775946,122.295243973
Tubungan,TUBUNGAN,Cadabdab,1,10.8060571886,122.292348192
Tubungan,TUBUNGAN,Daga-ay,1,10.7969435066,122.287602287
Tubungan,TUBUNGAN,Igdampog Norte,1,10.8205716367,122.312633721
Tubungan,TUBUNGAN,Igdampog Sur,1,10.8133018734,122.308275242
Tubungan,TUBUNGAN,Igpaho,1,10.8351990459,122.241459402
Tubungan,TUBUNGAN,Igtuble,1,10.8235719342,122.258936533
Tubungan,TUBUNGAN,Ingay,1,10.7501789779,122.329858053
Tubungan,TUBUNGAN,Isauan,1,10.7613385401,122.332504965
Tubungan,TUBUNGAN,Jolason,1,10.7895974062,122.320185416
Tubungan,TUBUNGAN,Jona,1,10.7811265839,122.28053853
Tubungan,TUBUNGAN,Lanag Norte,1,10.8061554962,122.271185124
Tubungan,TUBUNGAN,Lanag Sur,1,10.7600070291,122.319600412
Tubungan,TUBUNGAN,Male,1,10.7912499338,122.296474898
Tubungan,TUBUNGAN,Mayang,1,10.778803814,122.325825284
Tubungan,TUBUNGAN,Molina,1,10.8176941766,122.259464858
Tubungan,TUBUNGAN,Morcillas,1,10.8015396484,122.256744949
Tubungan,TUBUNGAN,Nagba,1,10.8039100437,122.305035552
Tubungan,TUBUNGAN,Navillan,1,10.791005124,122.266758414
Tubungan,TUBUNGAN,Pinamacalan,1,10.7951496038,122.298934587
Tubungan,TUBUNGAN,San Jose,1,10.7779923711,122.305206687
Tubungan,TUBUNGAN,Sibucauan,1,10.7839029341,122.307091902
Tubungan,TUBUNGAN,Singon,1,10.7881016673,122.303633974
Tubungan,TUBUNGAN,Tabat,1,10.7565246293,122.307007153
Tubungan,TUBUNGAN,Talento,1,10.7697232226,122.333582483
Tubungan,TUBUNGAN,Victoria,1,10.8356245925,122.288363091
Zarraga,ZARRAGA,Balud I,4,10.8387068183,122.641033793
Zarraga,ZARRAGA,Balud II,4,10.8300910136,122.634892096
Zarraga,ZARRAGA,Balud Lilo-an,4,10.817478128,122.635575225
Zarraga,ZARRAGA,Dawis Centro,4,10.8636343149,122.611774557
Zarraga,ZARRAGA,Dawis Norte,4,10.8692907241,122.612730177
Zarraga,ZARRAGA,Dawis Sur,4,10.8562217105,122.608045345
Zarraga,ZARRAGA,Gines,4,10.832695006,122.616793656
Zarraga,ZARRAGA,Ilaya Poblacion,4,10.8296383533,122.606056722
Zarraga,ZARRAGA,Inagdangan Norte,4,10.8476161482,122.607773741
Zarraga,ZARRAGA,Inagdangan Sur,4,10.8381828957,122.608325038
Zarraga,ZARRAGA,Jalaud Norte,4,10.8503424465,122.643093402
Zarraga,ZARRAGA,Jalaud Sur,4,10.8446655328,122.637927262
Zarraga,ZARRAGA,Libongcogon,4,10.8045352407,122.629221377
Zarraga,ZARRAGA,Malunang,4,10.8136144166,122.614391241
Zarraga,ZARRAGA,Pajo,4,10.8138085982,122.623455476
Zarraga,ZARRAGA,Sigangao,4,10.8417608503,122.630171923
Zarraga,ZARRAGA,Talauguis,4,10.7992589057,122.643647458
Zarraga,ZARRAGA,Talibong,4,10.8561175546,122.629604089
Zarraga,ZARRAGA,Tuburan,4,10.8252804617,122.622195927
Zarraga,ZARRAGA,Tuburan Sulbod,4,10.8264868771,122.600140497
