barangay,municipality,psgc_code
Adcadarao,Ajuy,0603001001
Agbobolo,Ajuy,0603001002
Badiangan,Ajuy,0603001003
Barrido,Ajuy,0603001004
Bato Biasong,Ajuy,0603001005
Bay-ang,Ajuy,0603001006
Bucana Bunglas,Ajuy,0603001007
Central,Ajuy,0603001008
Culasi,Ajuy,0603001009
Lanjagan,Ajuy,0603001010
Luca,Ajuy,0603001011
Malayu-an,Ajuy,0603001012
Mangorocoro,Ajuy,0603001013
Nasidman,Ajuy,0603001014
Pantalan Nabaye,Ajuy,0603001015
Pantalan Navarro,Ajuy,0603001016
Pedada,Ajuy,0603001017
Pili,Ajuy,0603001018
Pinantan Diel,Ajuy,0603001019
Pinantan Elizalde,Ajuy,0603001020
Pinay Espinosa,Ajuy,0603001021
Poblacion,Ajuy,0603001022
Progreso,Ajuy,0603001023
Puente Bunglas,Ajuy,0603001024
Punta Buri,Ajuy,0603001025
Rojas,Ajuy,0603001026
San Antonio,Ajuy,0603001027
Santo Rosario,Ajuy,0603001029
Silagon,Ajuy,0603001028
Tagubanhan,Ajuy,0603001030
Taguhangin,Ajuy,0603001031
Tanduyan,Ajuy,0603001032
Tipacla,Ajuy,0603001033
Tubogan,Ajuy,0603001034
Abang-abang,Alimodian,0603002001
Agsing,Alimodian,0603002002
Atabay,Alimodian,0603002003
Ba-ong,Alimodian,0603002004
Bagsakan,Alimodian,0603002006
Baguingin-Lanot,Alimodian,0603002005
Bagumbayan-Ilajas,Alimodian,0603002007
Balabago,Alimodian,0603002008
Ban-ag,Alimodian,0603002009
Bancal,Alimodian,0603002010
Binalud,Alimodian,0603002011
Bugang,Alimodian,0603002012
Buhay,Alimodian,0603002014
Bulod,Alimodian,0603002015
Cabacanan Proper,Alimodian,0603002017
Cabacanan Rizal,Alimodian,0603002018
Cagay,Alimodian,0603002019
Coline,Alimodian,0603002020
Coline-Dalag,Alimodian,0603002021
Cunsad,Alimodian,0603002022
Cuyad,Alimodian,0603002023
Dalid,Alimodian,0603002024
Dao,Alimodian,0603002025
Gines,Alimodian,0603002026
Ginomoy,Alimodian,0603002027
Ingwan,Alimodian,0603002028
Laylayan,Alimodian,0603002029
Lico,Alimodian,0603002030
Luan-luan,Alimodian,0603002031
Malamboy-Bondolan,Alimodian,0603002033
Malamhay,Alimodian,0603002032
Mambawi,Alimodian,0603002034
Manasa,Alimodian,0603002035
Manduyog,Alimodian,0603002036
Pajo,Alimodian,0603002037
Pianda-an Norte,Alimodian,0603002038
Pianda-an Sur,Alimodian,0603002039
Poblacion,Alimodian,0603002054
Punong,Alimodian,0603002041
Quinaspan,Alimodian,0603002042
Sinamay,Alimodian,0603002043
Sulong,Alimodian,0603002044
Taban-Manguining,Alimodian,0603002045
Tabug,Alimodian,0603002046
Tarug,Alimodian,0603002047
Tugaslon,Alimodian,0603002048
Ubodan,Alimodian,0603002049
Ugbo,Alimodian,0603002050
Ulay-Bugang,Alimodian,0603002051
Ulay-Hinablan,Alimodian,0603002052
Umingan,Alimodian,0603002053
Agbatuan,Anilao,0603003001
Badiang,Anilao,0603003002
Balabag,Anilao,0603003003
Balunos,Anilao,0603003004
Cag-an,Anilao,0603003005
Camiros,Anilao,0603003006
Dangula-an,Anilao,0603003008
Guipis,Anilao,0603003009
Manganese,Anilao,0603003010
Medina,Anilao,0603003011
Mostro,Anilao,0603003012
Palaypay,Anilao,0603003013
Pantalan,Anilao,0603003014
Poblacion,Anilao,0603003015
Sambag Culob,Anilao,0603003007
San Carlos,Anilao,0603003016
San Juan Crisostomo,Anilao,0603003017
Santa Rita,Anilao,0603003018
Santo Rosario,Anilao,0603003019
Serallo,Anilao,0603003020
Vista Alegre,Anilao,0603003021
Agusipan,Badiangan,0603004001
Astorga,Badiangan,0603004002
Bingauan,Badiangan,0603004031
Bita-oyan,Badiangan,0603004003
Botong,Badiangan,0603004004
Budiaue,Badiangan,0603004005
Cabanga-an,Badiangan,0603004006
Cabayogan,Badiangan,0603004007
Calansanan,Badiangan,0603004008
Catubig,Badiangan,0603004009
Guinawahan,Badiangan,0603004010
Ilongbukid,Badiangan,0603004011
Indorohan,Badiangan,0603004012
Iniligan,Badiangan,0603004013
Latawan,Badiangan,0603004014
Linayuan,Badiangan,0603004015
Mainguit,Badiangan,0603004016
Malublub,Badiangan,0603004017
Manaolan,Badiangan,0603004018
Mapili Grande,Badiangan,0603004019
Mapili Sanjo,Badiangan,0603004020
Odiongan,Badiangan,0603004021
Poblacion,Badiangan,0603004022
San Julian,Badiangan,0603004023
Sariri,Badiangan,0603004024
Sianon,Badiangan,0603004025
Sinuagan,Badiangan,0603004026
Talaba,Badiangan,0603004027
Tamocol,Badiangan,0603004028
Teneclan,Badiangan,0603004029
Tina,Badiangan,0603004030
Aranjuez,Balasan,0603005001
Bacolod,Balasan,0603005002
Balanti-an,Balasan,0603005003
Batuan,Balasan,0603005004
Cabalic,Balasan,0603005005
Camambugan,Balasan,0603005006
Dolores,Balasan,0603005007
Gimamanay,Balasan,0603005008
Ipil,Balasan,0603005009
Kinalkalan,Balasan,0603005010
Lawis,Balasan,0603005011
Malapoc,Balasan,0603005012
Mamhut Norte,Balasan,0603005013
Mamhut Sur,Balasan,0603005014
Maya,Balasan,0603005015
Pani-an,Balasan,0603005016
Poblacion Norte,Balasan,0603005017
Poblacion Sur,Balasan,0603005018
Quiasan,Balasan,0603005019
Salong,Balasan,0603005020
Salvacion,Balasan,0603005021
Tingui-an,Balasan,0603005022
Zaragosa,Balasan,0603005023
Alacaygan,Banate,0603006003
Bariga,Banate,0603006005
Belen,Banate,0603006006
Bobon,Banate,0603006007
Bularan,Banate,0603006008
Carmelo,Banate,0603006010
De La Paz,Banate,0603006012
Dugwakan,Banate,0603006013
Fuentes*,Banate,0603006029
Juanico,Banate,0603006018
Libertad,Banate,0603006020
Magdalo,Banate,0603006022
Managopaya,Banate,0603006023
Merced,Banate,0603006024
Poblacion,Banate,0603006025
San Salvador,Banate,0603006026
Talokgangan,Banate,0603006027
Zona Sur,Banate,0603006028
Acuit,Barotac Nuevo,0603007001
Agcuyawan Calsada,Barotac Nuevo,0603007002
Agcuyawan Pulo,Barotac Nuevo,0603007003
Bagongbong,Barotac Nuevo,0603007004
Baras,Barotac Nuevo,0603007005
Bungca,Barotac Nuevo,0603007006
Cabilauan,Barotac Nuevo,0603007007
Cruz,Barotac Nuevo,0603007008
Guintas,Barotac Nuevo,0603007009
Igbong,Barotac Nuevo,0603007010
Ilaud Poblacion,Barotac Nuevo,0603007011
Ilaya Poblacion,Barotac Nuevo,0603007012
Jalaud,Barotac Nuevo,0603007013
Lagubang,Barotac Nuevo,0603007014
Lanas,Barotac Nuevo,0603007015
Lico-an,Barotac Nuevo,0603007016
Linao,Barotac Nuevo,0603007017
Monpon,Barotac Nuevo,0603007018
Palaciawan,Barotac Nuevo,0603007019
Patag,Barotac Nuevo,0603007020
Salihid,Barotac Nuevo,0603007021
So-ol,Barotac Nuevo,0603007022
Sohoton,Barotac Nuevo,0603007023
Tabuc-Suba,Barotac Nuevo,0603007024
Tabucan,Barotac Nuevo,0603007025
Talisay,Barotac Nuevo,0603007026
Tinorian,Barotac Nuevo,0603007027
Tiwi,Barotac Nuevo,0603007028
Tubungan,Barotac Nuevo,0603007029
Bugnay,Barotac Viejo,0603008002
California,Barotac Viejo,0603008004
De la Peña,Barotac Viejo,0603008006
Del Pilar,Barotac Viejo,0603008005
General Luna,Barotac Viejo,0603008007
La Fortuna,Barotac Viejo,0603008009
Lipata,Barotac Viejo,0603008010
Natividad,Barotac Viejo,0603008011
Nueva Invencion,Barotac Viejo,0603008012
Nueva Sevilla,Barotac Viejo,0603008013
Poblacion,Barotac Viejo,0603008014
Puerto Princesa,Barotac Viejo,0603008016
Rizal,Barotac Viejo,0603008017
San Antonio,Barotac Viejo,0603008019
San Fernando,Barotac Viejo,0603008021
San Francisco,Barotac Viejo,0603008023
San Geronimo,Barotac Viejo,0603008024
San Juan,Barotac Viejo,0603008025
San Lucas,Barotac Viejo,0603008026
San Miguel,Barotac Viejo,0603008027
San Roque,Barotac Viejo,0603008029
Santiago,Barotac Viejo,0603008030
Santo Domingo,Barotac Viejo,0603008031
Santo Tomas,Barotac Viejo,0603008032
Ugasan,Barotac Viejo,0603008033
Vista Alegre,Barotac Viejo,0603008034
Alapasco,Batad,0603009001
Alinsolong,Batad,0603009002
Banban,Batad,0603009003
Batad Viejo,Batad,0603009004
Binon-an,Batad,0603009005
Bolhog,Batad,0603009006
Bulak Norte,Batad,0603009007
Bulak Sur,Batad,0603009008
Cabagohan,Batad,0603009009
Calangag,Batad,0603009011
Caw-i,Batad,0603009012
Drancalan,Batad,0603009013
Embarcadero,Batad,0603009014
Hamod,Batad,0603009015
Malico,Batad,0603009016
Nangka,Batad,0603009017
Pasayan,Batad,0603009018
Poblacion,Batad,0603009019
Quiazan Florete,Batad,0603009020
Quiazan Lopez,Batad,0603009021
Salong,Batad,0603009022
Santa Ana,Batad,0603009023
Tanao,Batad,0603009024
Tapi-an,Batad,0603009025
Agba-o,Bingawan,0603010001
Alabidhan,Bingawan,0603010002
Bulabog,Bingawan,0603010003
Cairohan,Bingawan,0603010004
Guinhulacan,Bingawan,0603010005
Inamyungan,Bingawan,0603010006
Malitbog Ilawod,Bingawan,0603010007
Malitbog Ilaya,Bingawan,0603010008
Ngingi-an,Bingawan,0603010009
Poblacion,Bingawan,0603010010
Quinangyana,Bingawan,0603010011
Quinar-Upan,Bingawan,0603010012
Tapacon,Bingawan,0603010013
Tubod,Bingawan,0603010014
Acao,Cabatuan,0603012001
Amerang,Cabatuan,0603012002
Amurao,Cabatuan,0603012003
Anuang,Cabatuan,0603012004
Ayaman,Cabatuan,0603012005
Ayong,Cabatuan,0603012006
Bacan,Cabatuan,0603012007
Balabag,Cabatuan,0603012008
Baluyan,Cabatuan,0603012009
Banguit,Cabatuan,0603012010
Bulay,Cabatuan,0603012011
Cadoldolan,Cabatuan,0603012012
Cagban,Cabatuan,0603012013
Calawagan,Cabatuan,0603012014
Calayo,Cabatuan,0603012015
Duyanduyan,Cabatuan,0603012016
Gaub,Cabatuan,0603012017
Gines Interior,Cabatuan,0603012018
Gines Patag,Cabatuan,0603012019
Guibuangan Tigbauan,Cabatuan,0603012020
Inabasan,Cabatuan,0603012021
Inaca,Cabatuan,0603012022
Inaladan,Cabatuan,0603012023
Ingas,Cabatuan,0603012024
Ito Norte,Cabatuan,0603012025
Ito Sur,Cabatuan,0603012026
Janipaan Central,Cabatuan,0603012027
Janipaan Este,Cabatuan,0603012028
Janipaan Oeste,Cabatuan,0603012029
Janipaan Olo,Cabatuan,0603012030
Jelicuon Lusaya,Cabatuan,0603012031
Jelicuon Montinola,Cabatuan,0603012032
Lag-an,Cabatuan,0603012033
Leong,Cabatuan,0603012034
Lutac,Cabatuan,0603012035
Manguna,Cabatuan,0603012036
Maraguit,Cabatuan,0603012037
Morubuan,Cabatuan,0603012038
Pacatin,Cabatuan,0603012039
Pagotpot,Cabatuan,0603012040
Pamul-Ogan,Cabatuan,0603012041
Pamuringao Garrido,Cabatuan,0603012043
Pamuringao Proper,Cabatuan,0603012042
Pungtod,Cabatuan,0603012055
Puyas,Cabatuan,0603012056
Salacay,Cabatuan,0603012057
Sulanga,Cabatuan,0603012059
Tabucan,Cabatuan,0603012060
Tacdangan,Cabatuan,0603012061
Talanghauan,Cabatuan,0603012062
Tigbauan Road,Cabatuan,0603012063
Tinio-an,Cabatuan,0603012064
Tiring,Cabatuan,0603012065
Tupol Central,Cabatuan,0603012066
Tupol Este,Cabatuan,0603012067
Tupol Oeste,Cabatuan,0603012068
Tuy-an,Cabatuan,0603012069
Zone I Pob.,Cabatuan,0603012044
Zone II Pob.,Cabatuan,0603012047
Zone III Pob.,Cabatuan,0603012048
Zone IV Pob.,Cabatuan,0603012049
Zone IX Pob.,Cabatuan,0603012054
Zone V Pob.,Cabatuan,0603012050
Zone VI Pob.,Cabatuan,0603012051
Zone VII Pob.,Cabatuan,0603012052
Zone VIII Pob.,Cabatuan,0603012053
Zone X Pob.,Cabatuan,0603012045
Zone XI Pob.,Cabatuan,0603012046
Agcalaga,Calinog,0603013002
Aglibacao,Calinog,0603013003
Aglonok,Calinog,0603013004
Alibunan,Calinog,0603013006
Badlan Grande,Calinog,0603013007
Badlan Pequeño,Calinog,0603013008
Badu,Calinog,0603013009
Baje San Julian,Calinog,0603013062
Balaticon,Calinog,0603013011
Banban Grande,Calinog,0603013012
Banban Pequeño,Calinog,0603013013
Barrio Calinog,Calinog,0603013022
Binolosan Grande,Calinog,0603013015
Binolosan Pequeño,Calinog,0603013016
Cabagiao,Calinog,0603013017
Cabugao,Calinog,0603013019
Cahigon,Calinog,0603013020
Camalongo,Calinog,0603013023
Canabajan,Calinog,0603013024
Caratagan,Calinog,0603013025
Carvasana,Calinog,0603013026
Dalid,Calinog,0603013027
Datagan,Calinog,0603013028
Gama Grande,Calinog,0603013030
Gama Pequeño,Calinog,0603013031
Garangan,Calinog,0603013032
Guinbonyugan,Calinog,0603013034
Guiso,Calinog,0603013036
Hilwan,Calinog,0603013037
Impalidan,Calinog,0603013038
Ipil,Calinog,0603013040
Jamin-ay,Calinog,0603013041
Lampaya,Calinog,0603013042
Libot,Calinog,0603013043
Lonoy,Calinog,0603013044
Malag-it,Calinog,0603013073
Malaguinabot,Calinog,0603013045
Malapawe,Calinog,0603013046
Malitbog Centro,Calinog,0603013047
Mambiranan,Calinog,0603013049
Manaripay,Calinog,0603013050
Marandig,Calinog,0603013051
Masaroy,Calinog,0603013052
Maspasan,Calinog,0603013053
Nalbugan,Calinog,0603013054
Owak,Calinog,0603013056
Poblacion Centro,Calinog,0603013057
Poblacion Delgado,Calinog,0603013058
Poblacion Ilaya,Calinog,0603013060
Poblacion Rizal Ilaud,Calinog,0603013059
San Nicolas,Calinog,0603013063
Simsiman,Calinog,0603013064
Supanga,Calinog,0603013074
Tabucan,Calinog,0603013065
Tahing,Calinog,0603013066
Tibiao,Calinog,0603013068
Tigbayog,Calinog,0603013069
Toyungan,Calinog,0603013071
Ulayan,Calinog,0603013072
Abong,Carles,0603014001
Alipata,Carles,0603014002
Asluman,Carles,0603014003
Bancal,Carles,0603014004
Barangcalan,Carles,0603014005
Barosbos,Carles,0603014006
Binuluangan,Carles,0603014009
Bito-on,Carles,0603014010
Bolo,Carles,0603014011
Buaya,Carles,0603014012
Buenavista,Carles,0603014013
Cabilao Grande,Carles,0603014016
Cabilao Pequeño,Carles,0603014017
Cabuguana,Carles,0603014018
Cawayan,Carles,0603014019
Dayhagan,Carles,0603014020
Gabi,Carles,0603014021
Granada,Carles,0603014022
Guinticgan,Carles,0603014023
Isla De Cana,Carles,0603014014
Lantangan,Carles,0603014024
Manlot,Carles,0603014025
Nalumsan,Carles,0603014026
Pantalan,Carles,0603014027
Poblacion,Carles,0603014028
Punta,Carles,0603014029
Punta Batuanan,Carles,0603014007
San Fernando,Carles,0603014030
Tabugon,Carles,0603014031
Talingting,Carles,0603014032
Tarong,Carles,0603014033
Tinigban,Carles,0603014034
Tupaz,Carles,0603014035
Aglosong,Concepcion,0603015002
Agnaga,Concepcion,0603015003
Bacjawan Norte,Concepcion,0603015004
Bacjawan Sur,Concepcion,0603015005
Bagongon,Concepcion,0603015006
Batiti,Concepcion,0603015007
Botlog,Concepcion,0603015008
Calamigan,Concepcion,0603015009
Dungon,Concepcion,0603015010
Igbon,Concepcion,0603015011
Jamul-Awon,Concepcion,0603015012
Lo-ong,Concepcion,0603015013
Macalbang,Concepcion,0603015014
Macatunao,Concepcion,0603015015
Malangabang,Concepcion,0603015016
Maliogliog,Concepcion,0603015017
Nipa,Concepcion,0603015019
Niño,Concepcion,0603015018
Plandico,Concepcion,0603015021
Poblacion,Concepcion,0603015022
Polopina,Concepcion,0603015023
Salvacion,Concepcion,0603015024
Talotu-an,Concepcion,0603015025
Tambaliza,Concepcion,0603015026
Tamis-ac,Concepcion,0603015027
Abangay,Dingle,0603016001
Agsalanan,Dingle,0603016002
Agtatacay,Dingle,0603016003
Alegria,Dingle,0603016004
Bongloy,Dingle,0603016005
Buenavista,Dingle,0603016006
Caguyuman,Dingle,0603016007
Calicuang,Dingle,0603016008
Camambugan,Dingle,0603016009
Dawis,Dingle,0603016011
Ginalinan Nuevo,Dingle,0603016012
Ginalinan Viejo,Dingle,0603016013
Gutao,Dingle,0603016014
Ilajas,Dingle,0603016015
Libo-o,Dingle,0603016016
Licu-an,Dingle,0603016017
Lincud,Dingle,0603016018
Matangharon,Dingle,0603016019
Moroboro,Dingle,0603016020
Namatay,Dingle,0603016021
Nazuni,Dingle,0603016022
Pandan,Dingle,0603016023
Poblacion,Dingle,0603016024
Potolan,Dingle,0603016025
San Jose,Dingle,0603016026
San Matias,Dingle,0603016027
Siniba-an,Dingle,0603016028
Tabugon,Dingle,0603016029
Tambunac,Dingle,0603016030
Tanghawan,Dingle,0603016031
Tiguib,Dingle,0603016032
Tinocuan,Dingle,0603016033
Tulatula-an,Dingle,0603016034
Agutayan,Dueñas,0603017001
Angare,Dueñas,0603017002
Anjawan,Dueñas,0603017003
Baac,Dueñas,0603017004
Bagongbong,Dueñas,0603017005
Balangigan,Dueñas,0603017006
Balingasag,Dueñas,0603017007
Banugan,Dueñas,0603017008
Batuan,Dueñas,0603017009
Bita,Dueñas,0603017010
Buenavista,Dueñas,0603017011
Bugtongan,Dueñas,0603017012
Cabudian,Dueñas,0603017013
Calaca-an,Dueñas,0603017014
Calang,Dueñas,0603017015
Calawinan,Dueñas,0603017016
Capaycapay,Dueñas,0603017017
Capuling,Dueñas,0603017018
Catig,Dueñas,0603017019
Dila-an,Dueñas,0603017020
Fundacion,Dueñas,0603017021
Inadlawan,Dueñas,0603017022
Jagdong,Dueñas,0603017023
Jaguimit,Dueñas,0603017024
Lacadon,Dueñas,0603017025
Luag,Dueñas,0603017026
Malusgod,Dueñas,0603017027
Maribuyong,Dueñas,0603017028
Minanga,Dueñas,0603017029
Monpon,Dueñas,0603017030
Navalas,Dueñas,0603017031
Pader,Dueñas,0603017032
Pandan,Dueñas,0603017033
Poblacion A,Dueñas,0603017048
Poblacion B,Dueñas,0603017049
Poblacion C,Dueñas,0603017050
Poblacion D,Dueñas,0603017051
Ponong Grande,Dueñas,0603017038
Ponong Pequeño,Dueñas,0603017039
Purog,Dueñas,0603017040
Romblon,Dueñas,0603017041
San Isidro,Dueñas,0603017042
Santo Niño,Dueñas,0603017043
Sawe,Dueñas,0603017044
Taminla,Dueñas,0603017045
Tinocuan,Dueñas,0603017046
Tipolo,Dueñas,0603017047
Aurora-del Pilar (Pob.),Dumangas,0603018046
Bacay,Dumangas,0603018002
Bacong,Dumangas,0603018003
Balabag,Dumangas,0603018004
Balud,Dumangas,0603018005
Bantud,Dumangas,0603018006
Bantud Fabrica,Dumangas,0603018007
Baras,Dumangas,0603018008
Barasan,Dumangas,0603018009
Basa-Mabini Bonifacio (Pob.),Dumangas,0603018049
Bolilao,Dumangas,0603018010
Buenaflor Embarkadero (Pob.),Dumangas,0603018047
Burgos-Regidor (Pob.),Dumangas,0603018045
Calao,Dumangas,0603018012
Cali,Dumangas,0603018013
Cansilayan,Dumangas,0603018014
Capaliz,Dumangas,0603018015
Cayos,Dumangas,0603018016
Compayan,Dumangas,0603018017
Dacutan,Dumangas,0603018018
Ermita,Dumangas,0603018019
Ilaya 1st,Dumangas,0603018021
Ilaya 2nd,Dumangas,0603018022
Ilaya 3rd,Dumangas,0603018023
Jardin,Dumangas,0603018025
Lacturan,Dumangas,0603018026
Lopez Jaena - Rizal (Pob.),Dumangas,0603018048
Managuit,Dumangas,0603018029
Maquina,Dumangas,0603018030
Nanding Lopez,Dumangas,0603018031
Pagdugue,Dumangas,0603018032
Paloc Bigque,Dumangas,0603018033
Paloc Sool,Dumangas,0603018034
Patlad,Dumangas,0603018035
Pd Monfort North,Dumangas,0603018028
Pd Monfort South,Dumangas,0603018020
Pulao,Dumangas,0603018036
Rosario,Dumangas,0603018037
Sapao,Dumangas,0603018038
Sulangan,Dumangas,0603018039
Tabucan,Dumangas,0603018040
Talusan,Dumangas,0603018041
Tambobo,Dumangas,0603018042
Tamboilan,Dumangas,0603018043
Victorias,Dumangas,0603018044
Bayas,Estancia,0603019002
Bayuyan,Estancia,0603019003
Botongon,Estancia,0603019004
Bulaqueña,Estancia,0603019005
Calapdan,Estancia,0603019006
Cano-an,Estancia,0603019007
Daan Banua,Estancia,0603019008
Daculan,Estancia,0603019009
Gogo,Estancia,0603019010
Jolog,Estancia,0603019011
Loguingot,Estancia,0603019012
Lonoy,Estancia,0603019018
Lumbia,Estancia,0603019001
Malbog,Estancia,0603019013
Manipulon,Estancia,0603019014
Pa-on,Estancia,0603019015
Poblacion Zone 1,Estancia,0603019017
Poblacion Zone II,Estancia,0603019024
Poblacion Zone III,Estancia,0603019025
San Roque,Estancia,0603019019
Santa Ana,Estancia,0603019020
Tabu-an,Estancia,0603019021
Tacbuyan,Estancia,0603019022
Tanza,Estancia,0603019023
Villa Pani-an,Estancia,0603019016
Anono-o,Guimbal,0603020001
Bacong,Guimbal,0603020002
Bagumbayan Pob.,Guimbal,0603020003
Balantad-Carlos Fruto (Pob.),Guimbal,0603020004
Baras,Guimbal,0603020005
Binanua-an,Guimbal,0603020006
Bongol San Miguel,Guimbal,0603020008
Bongol San Vicente,Guimbal,0603020009
Bulad,Guimbal,0603020010
Buluangan,Guimbal,0603020011
Burgos-Gengos (Pob.),Guimbal,0603020012
Cabasi,Guimbal,0603020013
Cabubugan,Guimbal,0603020014
Calampitao,Guimbal,0603020015
Camangahan,Guimbal,0603020016
Generosa-Cristobal Colon (Pob.),Guimbal,0603020017
Gerona-Gimeno (Pob.),Guimbal,0603020018
Girado-Magsaysay (Pob.),Guimbal,0603020019
Gotera (Pob.),Guimbal,0603020020
Igcocolo,Guimbal,0603020021
Iyasan,Guimbal,0603020032
Libo-on Gonzales (Pob.),Guimbal,0603020022
Lubacan,Guimbal,0603020023
Nahapay,Guimbal,0603020024
Nalundan,Guimbal,0603020025
Nanga,Guimbal,0603020026
Nito-an Lupsag,Guimbal,0603020027
Particion,Guimbal,0603020028
Pescadores (Pob.),Guimbal,0603020029
Rizal-Tuguisan (Pob.),Guimbal,0603020030
Santa Rosa-Laguna,Guimbal,0603020033
Sipitan-Badiang,Guimbal,0603020031
Torreblanca-Blumentritt (Pob.),Guimbal,0603020007
Alameda,Igbaras,0603021001
Amorogtong,Igbaras,0603021002
Anilawan,Igbaras,0603021003
Bagacay,Igbaras,0603021004
Bagacayan,Igbaras,0603021005
Bagay,Igbaras,0603021006
Balibagan,Igbaras,0603021007
Barangay 1 Poblacion,Igbaras,0603021033
Barangay 2 Poblacion,Igbaras,0603021034
Barangay 3 Poblacion,Igbaras,0603021035
Barangay 4 Poblacion,Igbaras,0603021036
Barangay 5 Poblacion,Igbaras,0603021037
Barangay 6 Poblacion,Igbaras,0603021038
Barasan,Igbaras,0603021008
Binanua-an,Igbaras,0603021009
Boclod,Igbaras,0603021010
Buenavista,Igbaras,0603021011
Buga,Igbaras,0603021012
Bugnay,Igbaras,0603021013
Calampitao,Igbaras,0603021014
Cale,Igbaras,0603021015
Catiringan,Igbaras,0603021017
Corucuan,Igbaras,0603021016
Igcabugao,Igbaras,0603021018
Igpigus,Igbaras,0603021019
Igtalongon,Igbaras,0603021020
Indaluyon,Igbaras,0603021021
Jovellar,Igbaras,0603021022
Kinagdan,Igbaras,0603021023
Lab-on,Igbaras,0603021024
Lacay Dol-Dol,Igbaras,0603021025
Lumangan,Igbaras,0603021026
Lutungan,Igbaras,0603021027
Mantangon,Igbaras,0603021028
Mulangan,Igbaras,0603021029
Pasong,Igbaras,0603021030
Passi,Igbaras,0603021031
Pinaopawan,Igbaras,0603021032
Riro-an,Igbaras,0603021039
San Ambrosio,Igbaras,0603021040
Santa Barbara,Igbaras,0603021041
Signe,Igbaras,0603021042
Tabiac,Igbaras,0603021043
Talayatay,Igbaras,0603021044
Taytay,Igbaras,0603021045
Tigbanaba,Igbaras,0603021046
Abeto Mirasol Taft South,Iloilo City,0631000178
Aguinaldo,Iloilo City,0631000003
Airport,Iloilo City,0631000004
Alalasan Lapuz,Iloilo City,0631000005
Arguelles,Iloilo City,0631000006
Arsenal Aduana,Iloilo City,0631000007
Bakhaw,Iloilo City,0631000009
Balabago,Iloilo City,0631000010
Balantang,Iloilo City,0631000011
Baldoza,Iloilo City,0631000012
Bantud,Iloilo City,0631000015
Banuyao,Iloilo City,0631000016
Baybay Tanza,Iloilo City,0631000017
Benedicto,Iloilo City,0631000018
Bito-on,Iloilo City,0631000019
Bolilao,Iloilo City,0631000021
Bonifacio,Iloilo City,0631000023
Bonifacio Tanza,Iloilo City,0631000022
Buhang,Iloilo City,0631000024
Buhang Taft North,Iloilo City,0631000025
Buntatala,Iloilo City,0631000026
Burgos-Mabini-Plaza,Iloilo City,0631000099
Caingin,Iloilo City,0631000029
Calahunan,Iloilo City,0631000030
Calaparan,Iloilo City,0631000031
Calubihan,Iloilo City,0631000078
Calumpang,Iloilo City,0631000032
Camalig,Iloilo City,0631000033
Cochero,Iloilo City,0631000035
Compania,Iloilo City,0631000036
Concepcion-Montes,Iloilo City,0631000038
Cuartero,Iloilo City,0631000040
Cubay,Iloilo City,0631000041
Danao,Iloilo City,0631000042
Delgado-Jalandoni-Bagumbayan,Iloilo City,0631000075
Democracia,Iloilo City,0631000044
Desamparados,Iloilo City,0631000045
Divinagracia,Iloilo City,0631000046
Don Esteban-Lapuz,Iloilo City,0631000047
Dulonan,Iloilo City,0631000048
Dungon,Iloilo City,0631000049
Dungon A,Iloilo City,0631000050
Dungon B,Iloilo City,0631000051
East Baluarte,Iloilo City,0631000052
East Timawa,Iloilo City,0631000053
Edganzon,Iloilo City,0631000054
El 98 Castilla,Iloilo City,0631000034
Fajardo,Iloilo City,0631000056
Flores,Iloilo City,0631000057
General Hughes-Montes,Iloilo City,0631000061
Gloria,Iloilo City,0631000062
Gustilo,Iloilo City,0631000063
Guzman-Jesena,Iloilo City,0631000064
Habog-habog Salvacion,Iloilo City,0631000065
Hibao-an Norte,Iloilo City,0631000152
Hibao-an Sur,Iloilo City,0631000067
Hinactacan,Iloilo City,0631000068
Hipodromo,Iloilo City,0631000069
Inday,Iloilo City,0631000070
Infante,Iloilo City,0631000071
Ingore,Iloilo City,0631000072
Jalandoni Estate-Lapuz,Iloilo City,0631000073
Jalandoni-Wilson,Iloilo City,0631000074
Javellana,Iloilo City,0631000076
Jereos,Iloilo City,0631000077
Kahirupan,Iloilo City,0631000197
Kasingkasing,Iloilo City,0631000079
Katilingban,Iloilo City,0631000080
Kauswagan,Iloilo City,0631000081
Laguda,Iloilo City,0631000085
Lanit,Iloilo City,0631000086
Lapuz Norte,Iloilo City,0631000087
Lapuz Sur,Iloilo City,0631000088
Legaspi dela Rama,Iloilo City,0631000089
Liberation,Iloilo City,0631000090
"Libertad, Santa Isabel",Iloilo City,0631000091
Libertad-Lapuz,Iloilo City,0631000092
Loboc-Lapuz,Iloilo City,0631000094
Lopez Jaena,Iloilo City,0631000093
Lopez Jaena Norte,Iloilo City,0631000095
Lopez Jaena Sur,Iloilo City,0631000096
Luna,Iloilo City,0631000097
Luna,Iloilo City,0631000198
M. V. Hechanova,Iloilo City,0631000098
Mabolo-Delgado,Iloilo City,0631000043
Macarthur,Iloilo City,0631000100
Magdalo,Iloilo City,0631000101
Magsaysay,Iloilo City,0631000102
Magsaysay Village,Iloilo City,0631000103
Malipayon-Delgado,Iloilo City,0631000104
Mansaya-Lapuz,Iloilo City,0631000105
Marcelo H. del Pilar,Iloilo City,0631000106
Maria Clara,Iloilo City,0631000107
Maria Cristina,Iloilo City,0631000108
Mohon,Iloilo City,0631000109
Molo Boulevard,Iloilo City,0631000110
Monica Blumentritt,Iloilo City,0631000020
Montinola,Iloilo City,0631000112
Muelle Loney-Montes,Iloilo City,0631000113
Nabitasan,Iloilo City,0631000114
Navais,Iloilo City,0631000115
Nonoy,Iloilo City,0631000116
North Avanceña,Iloilo City,0631000008
North Baluarte,Iloilo City,0631000118
North Fundidor,Iloilo City,0631000117
North San Jose,Iloilo City,0631000119
Obrero-Lapuz,Iloilo City,0631000121
Ortiz,Iloilo City,0631000122
Osmeña,Iloilo City,0631000123
Our Lady Of Fatima,Iloilo City,0631000084
Our Lady Of Lourdes,Iloilo City,0631000124
Oñate de Leon,Iloilo City,0631000120
PHHC Block 17,Iloilo City,0631000127
PHHC Block 22 NHA,Iloilo City,0631000128
Pale Benedicto Rizal,Iloilo City,0631000196
Poblacion Molo,Iloilo City,0631000129
President Roxas,Iloilo City,0631000131
Progreso-Lapuz,Iloilo City,0631000132
Punong-Lapuz,Iloilo City,0631000133
Quezon,Iloilo City,0631000134
Quintin Salas,Iloilo City,0631000135
Railway,Iloilo City,0631000139
Rima-Rizal,Iloilo City,0631000136
Rizal,Iloilo City,0631000202
Rizal Estanzuela,Iloilo City,0631000137
Rizal Ibarra,Iloilo City,0631000138
Rizal Palapala I,Iloilo City,0631000125
Rizal Palapala II,Iloilo City,0631000126
Roxas Village,Iloilo City,0631000140
Sambag,Iloilo City,0631000144
Sampaguita,Iloilo City,0631000146
San Agustin,Iloilo City,0631000148
San Antonio,Iloilo City,0631000149
San Felix,Iloilo City,0631000150
San Isidro,Iloilo City,0631000151
San Isidro,Iloilo City,0631000199
San Jose,Iloilo City,0631000154
San Jose,Iloilo City,0631000155
San Jose,Iloilo City,0631000200
San Juan,Iloilo City,0631000156
San Nicolas,Iloilo City,0631000157
San Pedro,Iloilo City,0631000158
San Pedro,Iloilo City,0631000159
San Rafael,Iloilo City,0631000160
San Roque,Iloilo City,0631000161
San Vicente,Iloilo City,0631000163
Santa Cruz,Iloilo City,0631000001
Santa Filomena,Iloilo City,0631000164
Santa Rosa,Iloilo City,0631000165
Santo Domingo,Iloilo City,0631000166
Santo Niño Norte,Iloilo City,0631000167
Santo Niño Sur,Iloilo City,0631000168
Santo Rosario-Duran,Iloilo City,0631000169
Seminario,Iloilo City,0631000028
Simon Ledesma,Iloilo City,0631000170
Sinikway,Iloilo City,0631000014
So-oc,Iloilo City,0631000171
South Baluarte,Iloilo City,0631000172
South Fundidor,Iloilo City,0631000060
South San Jose,Iloilo City,0631000173
Taal,Iloilo City,0631000174
Tabuc Suba,Iloilo City,0631000175
Tabuc Suba,Iloilo City,0631000201
Tabucan,Iloilo City,0631000176
Tacas,Iloilo City,0631000177
Tagbac,Iloilo City,0631000179
Tanza-Esperanza,Iloilo City,0631000055
Tap-oc,Iloilo City,0631000181
Taytay Zone II,Iloilo City,0631000182
Ticud,Iloilo City,0631000183
Timawa Tanza I,Iloilo City,0631000185
Timawa Tanza II,Iloilo City,0631000186
Ungka,Iloilo City,0631000187
Veterans Village,Iloilo City,0631000188
Villa Anita,Iloilo City,0631000189
West Habog-habog,Iloilo City,0631000191
West Timawa,Iloilo City,0631000192
Yulo Drive,Iloilo City,0631000194
Yulo-Arroyo,Iloilo City,0631000193
Zamora-Melliza,Iloilo City,0631000195
Abangay,Janiuay,0603023001
Agcarope,Janiuay,0603023002
Aglobong,Janiuay,0603023003
Aguingay,Janiuay,0603023004
Anhawan,Janiuay,0603023005
Aquino Nobleza East (Pob.),Janiuay,0603023046
Aquino Nobleza West (Pob.),Janiuay,0603023047
Atimonan,Janiuay,0603023006
Balanac,Janiuay,0603023007
Barasalon,Janiuay,0603023008
Bongol,Janiuay,0603023009
Cabantog,Janiuay,0603023010
Calmay,Janiuay,0603023011
Canawili,Janiuay,0603023012
Canawillian,Janiuay,0603023013
Capt. A. Tirador (Pob.),Janiuay,0603023060
Caranas,Janiuay,0603023014
Caraudan,Janiuay,0603023015
Carigangan,Janiuay,0603023016
Concepcion Pob.,Janiuay,0603023049
Crispin Salazar North (Pob.),Janiuay,0603023055
Crispin Salazar South (Pob.),Janiuay,0603023056
Cunsad,Janiuay,0603023017
Dabong,Janiuay,0603023018
Damires,Janiuay,0603023019
Damo-ong,Janiuay,0603023020
Danao,Janiuay,0603023021
Don T. Lutero Center (Pob.),Janiuay,0603023052
Don T. Lutero East (Pob.),Janiuay,0603023053
Don T. Lutero West Pob.,Janiuay,0603023054
Gines,Janiuay,0603023022
Golgota (Pob.),Janiuay,0603023050
Guadalupe,Janiuay,0603023023
Jibolo,Janiuay,0603023025
Kuyot,Janiuay,0603023026
Locsin (Pob.),Janiuay,0603023051
Madong,Janiuay,0603023027
Manacabac,Janiuay,0603023028
Mangil,Janiuay,0603023029
Matag-ub,Janiuay,0603023030
Monte-Magapa,Janiuay,0603023031
Pangilihan,Janiuay,0603023032
Panuran,Janiuay,0603023033
Pararinga,Janiuay,0603023034
Patong-patong,Janiuay,0603023035
Quipot,Janiuay,0603023036
R. Armada (Pob.),Janiuay,0603023048
S. M. Villa (Pob.),Janiuay,0603023061
San Julian (Pob.),Janiuay,0603023057
San Pedro (Pob.),Janiuay,0603023058
Santa Rita (Pob.),Janiuay,0603023059
Santo Tomas,Janiuay,0603023037
Sarawag,Janiuay,0603023038
Tambal,Janiuay,0603023039
Tamu-an,Janiuay,0603023040
Tiringanan,Janiuay,0603023041
Tolarucan,Janiuay,0603023042
Tuburan,Janiuay,0603023043
Ubian,Janiuay,0603023044
Yabon,Janiuay,0603023045
Agsirab,Lambunao,0603025001
Agtuman,Lambunao,0603025002
Alugmawa,Lambunao,0603025003
Badiangan,Lambunao,0603025004
Balagiao,Lambunao,0603025006
Banban,Lambunao,0603025007
Bansag,Lambunao,0603025008
Bayuco,Lambunao,0603025009
Binaba-an Armada,Lambunao,0603025010
Binaba-an Labayno,Lambunao,0603025011
Binaba-an Limoso,Lambunao,0603025012
Binaba-an Portigo,Lambunao,0603025013
Binaba-an Tirador,Lambunao,0603025014
Bogongbong,Lambunao,0603025005
Bonbon,Lambunao,0603025015
Bontoc,Lambunao,0603025016
Buri,Lambunao,0603025017
Burirao,Lambunao,0603025018
Buwang,Lambunao,0603025019
Cabatangan,Lambunao,0603025020
Cabugao,Lambunao,0603025021
Cabunlawan,Lambunao,0603025022
Caguisanan,Lambunao,0603025023
Caloy-Ahan,Lambunao,0603025024
Caninguan,Lambunao,0603025025
Capangyan,Lambunao,0603025026
Cayan Este,Lambunao,0603025027
Cayan Oeste,Lambunao,0603025028
Corot-on,Lambunao,0603025029
Coto,Lambunao,0603025030
Cubay,Lambunao,0603025031
Cunarum,Lambunao,0603025032
Daanbanwa,Lambunao,0603025033
Gines,Lambunao,0603025034
Hipgos,Lambunao,0603025035
Jayubo,Lambunao,0603025036
Jorog,Lambunao,0603025037
Lanot Grande,Lambunao,0603025038
Lanot Pequeño,Lambunao,0603025039
Legayada,Lambunao,0603025040
Lumanay,Lambunao,0603025041
Madarag,Lambunao,0603025042
Magbato,Lambunao,0603025043
Maite Grande,Lambunao,0603025044
Maite Pequeño,Lambunao,0603025045
Malag-it,Lambunao,0603025046
Manaulan,Lambunao,0603025047
Maribong,Lambunao,0603025048
Marong,Lambunao,0603025049
Misi,Lambunao,0603025050
Natividad,Lambunao,0603025051
Pajo,Lambunao,0603025052
Pandan,Lambunao,0603025053
Panuran,Lambunao,0603025054
Pasig,Lambunao,0603025055
Patag,Lambunao,0603025056
Poblacion Ilawod,Lambunao,0603025057
Poblacion Ilaya,Lambunao,0603025058
Poong,Lambunao,0603025059
Pughanan,Lambunao,0603025060
Pungsod,Lambunao,0603025061
Quiling,Lambunao,0603025062
Sagcup,Lambunao,0603025063
San Gregorio,Lambunao,0603025064
Sibacungan,Lambunao,0603025065
Sibaguan,Lambunao,0603025066
Simsiman,Lambunao,0603025067
Supoc,Lambunao,0603025068
Tampucao,Lambunao,0603025069
Tranghawan,Lambunao,0603025070
Tubungan,Lambunao,0603025071
Tuburan,Lambunao,0603025072
Walang,Lambunao,0603025073
Bigke,Leganes,0603026002
Buntatala,Leganes,0603026003
Cagamutan Norte,Leganes,0603026004
Cagamutan Sur,Leganes,0603026005
Calaboa,Leganes,0603026007
Camangay,Leganes,0603026008
Cari Mayor,Leganes,0603026009
Cari Minor,Leganes,0603026010
Gua-an,Leganes,0603026011
Guihaman,Leganes,0603026012
Guinobatan,Leganes,0603026013
Guintas,Leganes,0603026014
Lapayon,Leganes,0603026015
M.V. Hechanova,Leganes,0603026001
Nabitasan,Leganes,0603026016
Napnud,Leganes,0603026017
Poblacion,Leganes,0603026019
San Vicente,Leganes,0603026020
Agpipili,Lemery,0603027001
Alcantara,Lemery,0603027002
Almeñana,Lemery,0603027003
Anabo,Lemery,0603027004
Bankal,Lemery,0603027005
Buenavista,Lemery,0603027006
Cabantohan,Lemery,0603027007
Capiñahan,Lemery,0603027008
Dalipe,Lemery,0603027009
Dapdapan,Lemery,0603027010
Gerongan,Lemery,0603027011
Imbaulan,Lemery,0603027012
Layogbato,Lemery,0603027013
Marapal,Lemery,0603027014
Milan,Lemery,0603027015
Nagsulang,Lemery,0603027016
Nasapahan,Lemery,0603027017
Omio,Lemery,0603027018
Pacuan,Lemery,0603027019
Poblacion NW Zone,Lemery,0603027020
Poblacion SE Zone,Lemery,0603027021
Pontoc,Lemery,0603027022
San Antonio,Lemery,0603027023
San Diego,Lemery,0603027024
San Jose Moto,Lemery,0603027025
Sepanton,Lemery,0603027026
Sincua,Lemery,0603027027
Tabunan,Lemery,0603027028
Tugas,Lemery,0603027029
Velasco,Lemery,0603027030
Yawyawan,Lemery,0603027031
Agboy Norte,Leon,0603028001
Agboy Sur,Leon,0603028002
Agta,Leon,0603028003
Ambulong,Leon,0603028004
Anonang,Leon,0603028005
Apian,Leon,0603028006
Avanzada,Leon,0603028007
Awis,Leon,0603028008
Ayabang,Leon,0603028009
Ayubo,Leon,0603028010
Bacolod,Leon,0603028011
Baje,Leon,0603028012
Banagan,Leon,0603028013
Barangbang,Leon,0603028014
Barasan,Leon,0603028015
Bayag Norte,Leon,0603028016
Bayag Sur,Leon,0603028017
Binolbog,Leon,0603028018
Biri Norte,Leon,0603028019
Biri Sur,Leon,0603028020
Bobon,Leon,0603028021
Bucari,Leon,0603028022
Buenavista,Leon,0603028023
Buga,Leon,0603028024
Bulad,Leon,0603028025
Bulwang,Leon,0603028026
Cabolo-an,Leon,0603028027
Cabunga-an,Leon,0603028028
Cabutongan,Leon,0603028029
Cagay,Leon,0603028030
Camandag,Leon,0603028031
Camando,Leon,0603028032
Cananaman,Leon,0603028033
Capt. Fernando,Leon,0603028034
Carara-an,Leon,0603028035
Carolina,Leon,0603028036
Cawilihan,Leon,0603028037
Coyugan Norte,Leon,0603028038
Coyugan Sur,Leon,0603028039
Danao,Leon,0603028040
Dorog,Leon,0603028041
Dusacan,Leon,0603028042
Gines,Leon,0603028043
Gumboc,Leon,0603028044
Igcadios,Leon,0603028045
Ingay,Leon,0603028046
Isian Norte,Leon,0603028047
Isian Victoria,Leon,0603028048
Jamog Gines,Leon,0603028049
Lampaya,Leon,0603028054
Lanag,Leon,0603028050
Lang-og,Leon,0603028051
Ligtos,Leon,0603028052
Lonoc,Leon,0603028053
Magcapay,Leon,0603028055
Maliao,Leon,0603028056
Malublub,Leon,0603028057
Manampunay,Leon,0603028058
Marirong,Leon,0603028059
Mina,Leon,0603028060
Mocol,Leon,0603028061
Nagbangi,Leon,0603028062
Nalbang,Leon,0603028063
Odong-odong,Leon,0603028064
Oluangan,Leon,0603028065
Omambong,Leon,0603028066
Paga,Leon,0603028072
Pandan,Leon,0603028068
Panginman,Leon,0603028069
Paoy,Leon,0603028067
Pepe,Leon,0603028070
Poblacion,Leon,0603028071
Salngan,Leon,0603028073
Samlague,Leon,0603028074
Siol Norte,Leon,0603028075
Siol Sur,Leon,0603028076
Tacuyong Norte,Leon,0603028077
Tacuyong Sur,Leon,0603028078
Tagsing,Leon,0603028079
Talacuan,Leon,0603028080
Ticuan,Leon,0603028081
Tina-an Norte,Leon,0603028082
Tina-an Sur,Leon,0603028083
Tu-og,Leon,0603028085
Tunguan,Leon,0603028084
AGROCEL Pob.,Maasin,0603029004
Abay,Maasin,0603029001
Abilay,Maasin,0603029002
Amerang,Maasin,0603029005
Bagacay East,Maasin,0603029006
Bagacay West,Maasin,0603029007
Bolo,Maasin,0603029009
Bug-ot,Maasin,0603029008
Bulay,Maasin,0603029010
Buntalan,Maasin,0603029011
Burak,Maasin,0603029012
Cabangcalan,Maasin,0603029013
Cabatac,Maasin,0603029014
Caigon,Maasin,0603029015
Cananghan,Maasin,0603029016
Canawili,Maasin,0603029017
DELCAR Pob.,Maasin,0603029023
Dagami,Maasin,0603029020
Daja,Maasin,0603029021
Dalusan,Maasin,0603029022
Inabasan,Maasin,0603029025
Layog,Maasin,0603029026
Linab,Maasin,0603029029
Liñagan Calsada,Maasin,0603029027
Liñagan Tacas,Maasin,0603029028
MARI Pob.,Maasin,0603029030
Magsaysay,Maasin,0603029031
Mandog,Maasin,0603029032
Miapa,Maasin,0603029033
Nagba,Maasin,0603029034
Nasaka,Maasin,0603029035
Naslo-Bucao,Maasin,0603029036
Nasuli,Maasin,0603029037
Panalian,Maasin,0603029038
Piandaan East,Maasin,0603029039
Piandaan West,Maasin,0603029040
Pispis,Maasin,0603029041
Punong,Maasin,0603029042
Santa Rita,Maasin,0603029046
Sinubsuban,Maasin,0603029044
Siwalo,Maasin,0603029045
Subog,Maasin,0603029047
THTP Pob.,Maasin,0603029048
Tigbauan,Maasin,0603029050
Trangka,Maasin,0603029051
Tubang,Maasin,0603029052
Tulahong,Maasin,0603029053
Tuy-an East,Maasin,0603029054
Tuy-an West,Maasin,0603029055
Ubian,Maasin,0603029056
Agdum,Miagao,0603030001
Aguiauan,Miagao,0603030002
Alimodias,Miagao,0603030003
Awang,Miagao,0603030004
Bacauan,Miagao,0603030006
Bacolod,Miagao,0603030007
Bagumbayan,Miagao,0603030008
Banbanan,Miagao,0603030009
Banga,Miagao,0603030010
Bangladan,Miagao,0603030011
Banuyao,Miagao,0603030012
Baraclayan,Miagao,0603030013
Bariri,Miagao,0603030014
Baybay Norte (Pob.),Miagao,0603030015
Baybay Sur (Pob.),Miagao,0603030016
Belen,Miagao,0603030017
Bolho (Pob.),Miagao,0603030018
Bolocaue,Miagao,0603030019
Buenavista Norte,Miagao,0603030020
Buenavista Sur,Miagao,0603030021
Bugtong Lumangan,Miagao,0603030022
Bugtong Naulid,Miagao,0603030023
Cabalaunan,Miagao,0603030024
Cabangcalan,Miagao,0603030025
Cabunotan,Miagao,0603030026
Cadoldolan,Miagao,0603030027
Cagbang,Miagao,0603030028
Caitib,Miagao,0603030029
Calagtangan,Miagao,0603030030
Calampitao,Miagao,0603030031
Cavite,Miagao,0603030032
Cawayanan,Miagao,0603030033
Cubay,Miagao,0603030034
Cubay Ubos,Miagao,0603030035
Dalije,Miagao,0603030036
Damilisan,Miagao,0603030037
Dawog,Miagao,0603030038
Diday,Miagao,0603030039
Dingle,Miagao,0603030040
Durog,Miagao,0603030041
Frantilla,Miagao,0603030042
Fundacion,Miagao,0603030043
Gines,Miagao,0603030044
Guibongan,Miagao,0603030045
Igbita,Miagao,0603030046
Igbugo,Miagao,0603030047
Igcabidio,Miagao,0603030048
Igcabito-on,Miagao,0603030050
Igcatambor,Miagao,0603030051
Igdalaquit,Miagao,0603030052
Igdulaca,Miagao,0603030053
Igpajo,Miagao,0603030054
Igpandan,Miagao,0603030055
Igpuro,Miagao,0603030056
Igpuro-Bariri,Miagao,0603030057
Igsoligue,Miagao,0603030058
Igtuba,Miagao,0603030059
Ilog-ilog,Miagao,0603030060
Indag-an,Miagao,0603030061
Kirayan Norte,Miagao,0603030062
Kirayan Sur,Miagao,0603030063
Kirayan Tacas,Miagao,0603030064
La Consolacion,Miagao,0603030065
Lacadon,Miagao,0603030066
Lanutan,Miagao,0603030067
Lumangan,Miagao,0603030068
Mabayan,Miagao,0603030069
Maduyo,Miagao,0603030070
Malagyan,Miagao,0603030071
Mambatad,Miagao,0603030072
Maninila,Miagao,0603030073
Maricolcol,Miagao,0603030074
Maringyan,Miagao,0603030075
Mat-y (Pob.),Miagao,0603030076
Matalngon,Miagao,0603030077
Naclub,Miagao,0603030078
Nam-o Norte,Miagao,0603030080
Nam-o Sur,Miagao,0603030079
Narat-an,Miagao,0603030082
Narorogan,Miagao,0603030083
Naulid,Miagao,0603030084
Olango,Miagao,0603030085
Ongyod,Miagao,0603030086
Onop,Miagao,0603030087
Oya-oy,Miagao,0603030005
Oyungan,Miagao,0603030088
Palaca,Miagao,0603030089
Paro-on,Miagao,0603030090
Potrido,Miagao,0603030091
Pudpud,Miagao,0603030092
Pungtod Monteclaro,Miagao,0603030093
Pungtod Naulid,Miagao,0603030094
Sag-on,Miagao,0603030095
San Fernando,Miagao,0603030096
San Jose,Miagao,0603030097
San Rafael,Miagao,0603030098
Sapa,Miagao,0603030099
Saring,Miagao,0603030100
Sibucao,Miagao,0603030101
Taal,Miagao,0603030102
Tabunacan,Miagao,0603030103
Tacas (Pob.),Miagao,0603030104
Tambong,Miagao,0603030105
Tan-agan,Miagao,0603030106
Tatoy,Miagao,0603030107
Ticdalan,Miagao,0603030108
Tig-Apog-Apog,Miagao,0603030110
Tig-amaga,Miagao,0603030109
Tigbagacay,Miagao,0603030111
Tiglawa,Miagao,0603030112
Tigmalapad,Miagao,0603030113
Tigmarabo,Miagao,0603030114
To-og,Miagao,0603030115
Tugura-ao,Miagao,0603030116
Tumagboc,Miagao,0603030117
Ubos Ilawod (Pob.),Miagao,0603030118
Ubos Ilaya (Pob.),Miagao,0603030119
Valencia,Miagao,0603030120
Wayang,Miagao,0603030121
Abat,Mina,0603031001
Agmanaphao,Mina,0603031002
Amiroy,Mina,0603031003
Badiangan,Mina,0603031004
Bangac,Mina,0603031005
Cabalabaguan,Mina,0603031006
Capul-an,Mina,0603031007
Dala,Mina,0603031008
Guibuangan,Mina,0603031009
Janipa-an East,Mina,0603031011
Janipa-an West,Mina,0603031010
Mina East (Pob.),Mina,0603031012
Mina West (Pob.),Mina,0603031013
Nasirum,Mina,0603031014
Naumuan,Mina,0603031015
Singay,Mina,0603031016
Talibong Grande,Mina,0603031018
Talibong Pequeño,Mina,0603031019
Tipolo,Mina,0603031020
Tolarucan,Mina,0603031021
Tumay,Mina,0603031022
Yugot,Mina,0603031023
Baclayan,New Lucena,0603032001
Badiang,New Lucena,0603032002
Balabag,New Lucena,0603032003
Bilidan,New Lucena,0603032004
Bita-og Gaja,New Lucena,0603032005
Bololacao,New Lucena,0603032007
Burot,New Lucena,0603032008
Cabilauan,New Lucena,0603032009
Cabugao,New Lucena,0603032010
Cagban,New Lucena,0603032012
Calumbuyan,New Lucena,0603032013
Damires,New Lucena,0603032014
Dawis,New Lucena,0603032015
General Delgado,New Lucena,0603032016
Guinobatan,New Lucena,0603032017
Janipa-an Oeste,New Lucena,0603032018
Jelicuon Este,New Lucena,0603032019
Jelicuon Oeste,New Lucena,0603032020
Pasil,New Lucena,0603032021
Poblacion,New Lucena,0603032022
Wari-wari,New Lucena,0603032023
Abilay Norte,Oton,0603034001
Abilay Sur,Oton,0603034002
Alegre,Oton,0603034003
Batuan Ilaud,Oton,0603034004
Batuan Ilaya,Oton,0603034005
Bita Norte,Oton,0603034006
Bita Sur,Oton,0603034007
Botong,Oton,0603034008
Buray,Oton,0603034009
Cabanbanan,Oton,0603034010
Caboloan Norte,Oton,0603034011
Caboloan Sur,Oton,0603034012
Cadinglian,Oton,0603034013
Cagbang,Oton,0603034014
Calam-isan,Oton,0603034015
Galang,Oton,0603034016
Lambuyao,Oton,0603034017
Mambog,Oton,0603034018
Pakiad,Oton,0603034019
Poblacion East,Oton,0603034020
Poblacion North,Oton,0603034021
Poblacion South,Oton,0603034022
Poblacion West,Oton,0603034023
Polo Maestra Bita,Oton,0603034024
Rizal,Oton,0603034025
Salngan,Oton,0603034026
Sambaludan,Oton,0603034027
San Antonio,Oton,0603034028
San Nicolas,Oton,0603034029
Santa Clara,Oton,0603034030
Santa Monica,Oton,0603034031
Santa Rita,Oton,0603034032
Tagbac Norte,Oton,0603034035
Tagbac Sur,Oton,0603034036
Trapiche,Oton,0603034037
Tuburan,Oton,0603034038
Turog-Turog,Oton,0603034039
Agdahon,Passi City,0603035001
Agdayao,Passi City,0603035002
Aglalana,Passi City,0603035003
Agtabo,Passi City,0603035004
Agtambo,Passi City,0603035005
Alimono,Passi City,0603035006
Arac,Passi City,0603035007
Ayuyan,Passi City,0603035008
Bacuranan,Passi City,0603035009
Bagacay,Passi City,0603035010
Batu,Passi City,0603035011
Bayan,Passi City,0603035012
Bitaogan,Passi City,0603035013
Buenavista,Passi City,0603035014
Buyo,Passi City,0603035015
Cabunga,Passi City,0603035016
Cadilang,Passi City,0603035017
Cairohan,Passi City,0603035018
Dalicanan,Passi City,0603035019
Gegachac,Passi City,0603035022
Gemat-y,Passi City,0603035020
Gemumua-agahon,Passi City,0603035021
Gines Viejo,Passi City,0603035023
Imbang Grande,Passi City,0603035024
Jaguimitan,Passi City,0603035025
Libo-o,Passi City,0603035026
Maasin,Passi City,0603035027
Magdungao,Passi City,0603035028
Malag-it Grande,Passi City,0603035029
Malag-it Pequeño,Passi City,0603035030
Mambiranan Grande,Passi City,0603035031
Mambiranan Pequeño,Passi City,0603035032
Man-it,Passi City,0603035033
Mantulang,Passi City,0603035034
Mulapula,Passi City,0603035035
Nueva Union,Passi City,0603035036
Pagaypay,Passi City,0603035038
Pangi,Passi City,0603035037
Poblacion Ilawod,Passi City,0603035039
Poblacion Ilaya,Passi City,0603035040
Punong,Passi City,0603035041
Quinagaringan Grande,Passi City,0603035042
Quinagaringan Pequeño,Passi City,0603035043
Sablogon,Passi City,0603035044
Salngan,Passi City,0603035045
Santo Tomas,Passi City,0603035046
Sarapan,Passi City,0603035047
Tagubong,Passi City,0603035049
Talongonan,Passi City,0603035050
Tubod,Passi City,0603035051
Tuburan,Passi City,0603035052
Aganan,Pavia,0603036001
Amparo,Pavia,0603036002
Anilao,Pavia,0603036003
Balabag,Pavia,0603036004
Cabugao Norte,Pavia,0603036009
Cabugao Sur,Pavia,0603036010
Jibao-an,Pavia,0603036011
Mali-ao,Pavia,0603036012
Pagsanga-an,Pavia,0603036013
Pal-agon,Pavia,0603036020
Pandac,Pavia,0603036014
Purok I (Pob.),Pavia,0603036005
Purok II (Pob.),Pavia,0603036006
Purok III (Pob.),Pavia,0603036007
Purok IV (Pob.),Pavia,0603036008
Tigum,Pavia,0603036017
Ungka I,Pavia,0603036018
Ungka II,Pavia,0603036019
Abangay,Pototan,0603037001
Amamaros,Pototan,0603037002
Bagacay,Pototan,0603037003
Barasan,Pototan,0603037004
Batuan,Pototan,0603037005
Bongco,Pototan,0603037006
Cahaguichican,Pototan,0603037007
Callan,Pototan,0603037008
Cansilayan,Pototan,0603037009
Casalsagan,Pototan,0603037010
Cato-ogan,Pototan,0603037011
Cau-ayan,Pototan,0603037012
Culob,Pototan,0603037013
Danao,Pototan,0603037014
Dapitan,Pototan,0603037015
Dawis,Pototan,0603037016
Dongsol,Pototan,0603037019
Fernando Parcon Ward (Pob.),Pototan,0603037042
Fundacion,Pototan,0603037020
Guibuangan,Pototan,0603037022
Guinacas,Pototan,0603037021
Igang,Pototan,0603037023
Intaluan,Pototan,0603037024
Iwa Ilaud,Pototan,0603037025
Iwa Ilaya,Pototan,0603037026
Jamabalud,Pototan,0603037027
Jebioc,Pototan,0603037028
Lay-Ahan,Pototan,0603037030
Lopez Jaena Ward (Pob.),Pototan,0603037032
Lumbo,Pototan,0603037033
Macatol,Pototan,0603037034
Malusgod,Pototan,0603037035
Nabitasan,Pototan,0603037037
Naga,Pototan,0603037038
Nanga,Pototan,0603037039
Naslo,Pototan,0603037036
Pajo,Pototan,0603037040
Palanguia,Pototan,0603037041
Pitogo,Pototan,0603037044
Polot-an,Pototan,0603037045
Primitivo Ledesma Ward (Pob.),Pototan,0603037031
Purog,Pototan,0603037046
Rumbang,Pototan,0603037047
San Jose Ward (Pob.),Pototan,0603037048
Sinuagan,Pototan,0603037049
Tuburan,Pototan,0603037050
Tumcon Ilaud,Pototan,0603037052
Tumcon Ilaya,Pototan,0603037051
Ubang,Pototan,0603037053
Zarrague,Pototan,0603037054
Agdaliran,San Dionisio,0603038001
Amayong,San Dionisio,0603038002
Bagacay,San Dionisio,0603038003
Batuan,San Dionisio,0603038004
Bondulan,San Dionisio,0603038005
Boroñgon,San Dionisio,0603038006
Canas,San Dionisio,0603038007
Capinang,San Dionisio,0603038008
Cubay,San Dionisio,0603038009
Cudionan,San Dionisio,0603038010
Dugman,San Dionisio,0603038011
Hacienda Conchita,San Dionisio,0603038012
Madanlog,San Dionisio,0603038013
Mandu-awak,San Dionisio,0603038014
Moto,San Dionisio,0603038015
Naborot,San Dionisio,0603038016
Nipa,San Dionisio,0603038017
Odiongan,San Dionisio,0603038018
Pangi,San Dionisio,0603038019
Pase,San Dionisio,0603038020
Poblacion,San Dionisio,0603038021
San Nicolas,San Dionisio,0603038022
Santol,San Dionisio,0603038024
Siempreviva,San Dionisio,0603038025
Sua,San Dionisio,0603038026
Talo-ato,San Dionisio,0603038027
Tamangi,San Dionisio,0603038028
Tiabas,San Dionisio,0603038029
Tuble,San Dionisio,0603038030
Abaca,San Enrique,0603039001
Asisig,San Enrique,0603039002
Bantayan,San Enrique,0603039003
Braulan,San Enrique,0603039004
Cabugao Nuevo,San Enrique,0603039005
Cabugao Viejo,San Enrique,0603039006
Camiri,San Enrique,0603039007
Catan-Agan,San Enrique,0603039009
Compo,San Enrique,0603039008
Cubay,San Enrique,0603039010
Dacal,San Enrique,0603039011
Dumiles,San Enrique,0603039012
Garita,San Enrique,0603039013
Gines Nuevo,San Enrique,0603039014
Imbang Pequeño,San Enrique,0603039015
Imbesad-an,San Enrique,0603039016
Iprog,San Enrique,0603039017
Lip-ac,San Enrique,0603039018
Madarag,San Enrique,0603039019
Mapili,San Enrique,0603039020
Paga,San Enrique,0603039021
Palje,San Enrique,0603039022
Poblacion Ilawod,San Enrique,0603039023
Poblacion Ilaya,San Enrique,0603039024
Quinolpan,San Enrique,0603039025
Rumagayray,San Enrique,0603039026
San Antonio,San Enrique,0603039027
Tambunac,San Enrique,0603039028
Amboyu-an,San Joaquin,0603040001
Andres Bonifacio,San Joaquin,0603040002
Antalon,San Joaquin,0603040003
Bad-as,San Joaquin,0603040004
Bagumbayan,San Joaquin,0603040005
Balabago,San Joaquin,0603040006
Baybay,San Joaquin,0603040007
Bayunan,San Joaquin,0603040008
Bolbogan,San Joaquin,0603040010
Bonga,San Joaquin,0603040088
Bucaya,San Joaquin,0603040012
Bulho,San Joaquin,0603040011
Cadluman,San Joaquin,0603040013
Cadoldolan,San Joaquin,0603040014
Camaba-an,San Joaquin,0603040016
Camia,San Joaquin,0603040015
Cata-an,San Joaquin,0603040017
Crossing Dapuyan,San Joaquin,0603040018
Cubay,San Joaquin,0603040019
Cumarascas,San Joaquin,0603040020
Dacdacanan,San Joaquin,0603040021
Danawan,San Joaquin,0603040022
Doldol,San Joaquin,0603040024
Dongoc,San Joaquin,0603040025
Escalantera,San Joaquin,0603040026
Ginot-an,San Joaquin,0603040027
Guibongan Bayunan,San Joaquin,0603040089
Huna,San Joaquin,0603040029
Igbaje,San Joaquin,0603040030
Igbangcal,San Joaquin,0603040031
Igbinangon,San Joaquin,0603040032
Igburi,San Joaquin,0603040033
Igcabutong,San Joaquin,0603040034
Igcadlum,San Joaquin,0603040035
Igcaphang,San Joaquin,0603040036
Igcaratong,San Joaquin,0603040037
Igcondao,San Joaquin,0603040038
Igcores,San Joaquin,0603040039
Igdagmay,San Joaquin,0603040040
Igdomingding,San Joaquin,0603040041
Iglilico,San Joaquin,0603040042
Igpayong,San Joaquin,0603040043
Jawod,San Joaquin,0603040044
Langca,San Joaquin,0603040045
Languanan,San Joaquin,0603040046
Lawigan,San Joaquin,0603040047
Lomboy,San Joaquin,0603040048
Lomboyan,San Joaquin,0603040078
Lopez Vito,San Joaquin,0603040049
Mabini Norte,San Joaquin,0603040050
Mabini Sur,San Joaquin,0603040051
Manhara,San Joaquin,0603040053
Maninila,San Joaquin,0603040054
Masagud,San Joaquin,0603040055
Matambog,San Joaquin,0603040056
Mayunoc,San Joaquin,0603040057
Montinola,San Joaquin,0603040058
Nadsadan,San Joaquin,0603040060
Nagquirisan,San Joaquin,0603040059
Nagsipit,San Joaquin,0603040061
New Gumawan,San Joaquin,0603040062
Panatan,San Joaquin,0603040063
Pitogo,San Joaquin,0603040064
Purok 1 (Pob.),San Joaquin,0603040065
Purok 2 (Pob.),San Joaquin,0603040066
Purok 3 (Pob.),San Joaquin,0603040067
Purok 4 (Pob.),San Joaquin,0603040068
Purok 5 (Pob.),San Joaquin,0603040069
Qui-anan,San Joaquin,0603040070
Roma,San Joaquin,0603040071
San Luis,San Joaquin,0603040072
San Mateo Norte,San Joaquin,0603040073
San Mateo Sur,San Joaquin,0603040074
Santa Rita,San Joaquin,0603040079
Santiago,San Joaquin,0603040075
Sinogbuhan,San Joaquin,0603040076
Siwaragan,San Joaquin,0603040077
Talagutac,San Joaquin,0603040080
Tapikan,San Joaquin,0603040081
Taslan,San Joaquin,0603040082
Tiglawa,San Joaquin,0603040083
Tiolas,San Joaquin,0603040084
To-og,San Joaquin,0603040085
Torocadan,San Joaquin,0603040086
Ulay,San Joaquin,0603040087
Bgy. 1 Pob.,San Miguel,0603041001
Bgy. 10,San Miguel,0603041002
Bgy. 11 Pob.,San Miguel,0603041003
Bgy. 12 Pob.,San Miguel,0603041004
Bgy. 13 Pob.,San Miguel,0603041005
Bgy. 14 Pob.,San Miguel,0603041006
Bgy. 15 Pob.,San Miguel,0603041007
Bgy. 16 Pob.,San Miguel,0603041008
Bgy. 2 Pob.,San Miguel,0603041009
Bgy. 3 Pob.,San Miguel,0603041010
Bgy. 4 Pob.,San Miguel,0603041011
Bgy. 5 Pob.,San Miguel,0603041012
Bgy. 6 Pob.,San Miguel,0603041013
Bgy. 7 Pob.,San Miguel,0603041014
Bgy. 8 Pob.,San Miguel,0603041015
Bgy. 9 Pob.,San Miguel,0603041016
Consolacion,San Miguel,0603041017
Igtambo,San Miguel,0603041018
San Antonio,San Miguel,0603041019
San Jose,San Miguel,0603041020
Santa Cruz,San Miguel,0603041021
Santa Teresa,San Miguel,0603041022
Santo Angel,San Miguel,0603041023
Santo Niño,San Miguel,0603041024
Aripdip,San Rafael,0603042001
Bagacay,San Rafael,0603042002
Calaigang,San Rafael,0603042003
Ilongbukid,San Rafael,0603042004
Poblacion,San Rafael,0603042010
Poscolon,San Rafael,0603042005
San Andres,San Rafael,0603042007
San Dionisio,San Rafael,0603042008
San Florentino,San Rafael,0603042009
Agusipan,Santa Barbara,0603043001
Agutayan,Santa Barbara,0603043002
Bagumbayan,Santa Barbara,0603043003
Balabag,Santa Barbara,0603043004
Balibagan Este,Santa Barbara,0603043005
Balibagan Oeste,Santa Barbara,0603043006
Ban-ag,Santa Barbara,0603043007
Bantay,Santa Barbara,0603043008
Barangay Zone I (Pob.),Santa Barbara,0603043009
Barangay Zone II (Pob.),Santa Barbara,0603043010
Barangay Zone III (Pob.),Santa Barbara,0603043011
Barangay Zone IV (Pob.),Santa Barbara,0603043012
Barangay Zone V (Pob.),Santa Barbara,0603043013
Barangay Zone VI (Pob.),Santa Barbara,0603043061
Barasan Este,Santa Barbara,0603043014
Barasan Oeste,Santa Barbara,0603043015
Binangkilan,Santa Barbara,0603043016
Bitaog-Taytay,Santa Barbara,0603043017
Bolong Este,Santa Barbara,0603043018
Bolong Oeste,Santa Barbara,0603043019
Buayahon,Santa Barbara,0603043020
Buyo,Santa Barbara,0603043021
Cabugao Norte,Santa Barbara,0603043022
Cabugao Sur,Santa Barbara,0603043023
Cadagmayan Norte,Santa Barbara,0603043024
Cadagmayan Sur,Santa Barbara,0603043025
Cafe,Santa Barbara,0603043026
Calaboa Este,Santa Barbara,0603043027
Calaboa Oeste,Santa Barbara,0603043028
Camambugan,Santa Barbara,0603043029
Canipayan,Santa Barbara,0603043030
Conaynay,Santa Barbara,0603043032
Daga,Santa Barbara,0603043033
Dalid,Santa Barbara,0603043034
Duyanduyan,Santa Barbara,0603043035
Gen. Martin T. Delgado,Santa Barbara,0603043036
Guno,Santa Barbara,0603043037
Inangayan,Santa Barbara,0603043038
Jibao-an,Santa Barbara,0603043039
Lacadon,Santa Barbara,0603043040
Lanag,Santa Barbara,0603043041
Lupa,Santa Barbara,0603043042
Magancina,Santa Barbara,0603043043
Malawog,Santa Barbara,0603043044
Mambuyo,Santa Barbara,0603043045
Manhayang,Santa Barbara,0603043046
Miraga-Guibuangan,Santa Barbara,0603043047
Nasugban,Santa Barbara,0603043048
Omambog,Santa Barbara,0603043049
Pal-Agon,Santa Barbara,0603043050
Pungsod,Santa Barbara,0603043051
San Sebastian,Santa Barbara,0603043052
Sangcate,Santa Barbara,0603043053
Tagsing,Santa Barbara,0603043054
Talanghauan,Santa Barbara,0603043055
Talongadian,Santa Barbara,0603043056
Tigtig,Santa Barbara,0603043057
Tuburan,Santa Barbara,0603043059
Tugas,Santa Barbara,0603043060
Tungay,Santa Barbara,0603043058
Aguirre,Sara,0603044001
Aldeguer,Sara,0603044002
Alibayog,Sara,0603044003
Anoring,Sara,0603044004
Apelo,Sara,0603044005
Apologista,Sara,0603044006
Aposaga,Sara,0603044007
Arante,Sara,0603044008
Ardemil,Sara,0603044009
Aspera,Sara,0603044010
Aswe-Pabriaga,Sara,0603044011
Bagaygay,Sara,0603044012
Bakabak,Sara,0603044013
Batitao,Sara,0603044014
Bato,Sara,0603044015
Castor,Sara,0603044017
Crespo,Sara,0603044018
Del Castillo,Sara,0603044016
Devera,Sara,0603044020
Domingo,Sara,0603044021
Ferraris,Sara,0603044022
Gildore,Sara,0603044023
Improgo,Sara,0603044024
Juaneza,Sara,0603044025
Labigan,Sara,0603044026
Lanciola,Sara,0603044027
Latawan,Sara,0603044028
Malapaya,Sara,0603044029
Muyco,Sara,0603044030
Padios,Sara,0603044031
Pasig,Sara,0603044032
Poblacion Ilawod,Sara,0603044033
Poblacion Ilaya,Sara,0603044034
Poblacion Market,Sara,0603044035
Posadas,Sara,0603044036
Preciosa,Sara,0603044037
Salcedo,Sara,0603044038
San Luis,Sara,0603044039
Tady,Sara,0603044040
Tentay,Sara,0603044041
Villahermosa,Sara,0603044042
Zerrudo,Sara,0603044043
Alupidian,Tigbauan,0603045001
Atabayan,Tigbauan,0603045002
Bagacay,Tigbauan,0603045003
Baguingin,Tigbauan,0603045004
Bagumbayan,Tigbauan,0603045005
Bangkal,Tigbauan,0603045006
Bantud,Tigbauan,0603045007
Barangay 1 (Pob.),Tigbauan,0603045008
Barangay 2 (Pob.),Tigbauan,0603045009
Barangay 3 (Pob.),Tigbauan,0603045010
Barangay 4 (Pob.),Tigbauan,0603045011
Barangay 5 (Pob.),Tigbauan,0603045012
Barangay 6 (Pob.),Tigbauan,0603045013
Barangay 7 (Pob.),Tigbauan,0603045014
Barangay 8 (Pob.),Tigbauan,0603045015
Barangay 9 (Pob.),Tigbauan,0603045016
Barosong,Tigbauan,0603045017
Barroc,Tigbauan,0603045018
Bayuco,Tigbauan,0603045019
Binaliuan Mayor,Tigbauan,0603045020
Binaliuan Menor,Tigbauan,0603045021
Bitas,Tigbauan,0603045022
Buenavista,Tigbauan,0603045023
Bugasongan,Tigbauan,0603045024
Buyu-an,Tigbauan,0603045025
Canabuan,Tigbauan,0603045026
Cansilayan,Tigbauan,0603045027
Cordova Norte,Tigbauan,0603045028
Cordova Sur,Tigbauan,0603045029
Danao,Tigbauan,0603045030
Dapdap,Tigbauan,0603045031
Dorong-an,Tigbauan,0603045032
Guisian,Tigbauan,0603045033
Isauan,Tigbauan,0603045034
Isian,Tigbauan,0603045035
Jamog,Tigbauan,0603045036
Lanag,Tigbauan,0603045037
Linobayan,Tigbauan,0603045038
Lubog,Tigbauan,0603045039
Nagba,Tigbauan,0603045040
Namocon,Tigbauan,0603045041
Napnapan Norte,Tigbauan,0603045042
Napnapan Sur,Tigbauan,0603045043
Olo Barroc,Tigbauan,0603045044
Parara Norte,Tigbauan,0603045045
Parara Sur,Tigbauan,0603045046
San Rafael,Tigbauan,0603045047
Sermon,Tigbauan,0603045048
Sipitan,Tigbauan,0603045049
Supa,Tigbauan,0603045050
Tan Pael,Tigbauan,0603045051
Taro,Tigbauan,0603045052
Adgao,Tubungan,0603046001
Ago,Tubungan,0603046002
Ambarihon,Tubungan,0603046003
Ayubo,Tubungan,0603046004
Bacan,Tubungan,0603046005
Badiang,Tubungan,0603046007
Bagunanay,Tubungan,0603046006
Balicua,Tubungan,0603046008
Bantayanan,Tubungan,0603046009
Batga,Tubungan,0603046013
Bato,Tubungan,0603046014
Bikil,Tubungan,0603046015
Boloc,Tubungan,0603046016
Bondoc,Tubungan,0603046017
Borong,Tubungan,0603046018
Buenavista,Tubungan,0603046019
Cadabdab,Tubungan,0603046020
Daga-ay,Tubungan,0603046021
Desposorio,Tubungan,0603046022
Igdampog Norte,Tubungan,0603046023
Igdampog Sur,Tubungan,0603046024
Igpaho,Tubungan,0603046025
Igtuble,Tubungan,0603046026
Ingay,Tubungan,0603046027
Isauan,Tubungan,0603046028
Jolason,Tubungan,0603046029
Jona,Tubungan,0603046030
La-ag,Tubungan,0603046031
Lanag Norte,Tubungan,0603046032
Lanag Sur,Tubungan,0603046033
Male,Tubungan,0603046034
Mayang,Tubungan,0603046035
Molina,Tubungan,0603046036
Morcillas,Tubungan,0603046037
Nagba,Tubungan,0603046038
Navillan,Tubungan,0603046039
Pinamacalan,Tubungan,0603046040
San Jose,Tubungan,0603046041
Sibucauan,Tubungan,0603046042
Singon,Tubungan,0603046043
Tabat,Tubungan,0603046044
Tagpu-an,Tubungan,0603046045
Talento,Tubungan,0603046046
Teniente Benito,Tubungan,0603046047
Victoria,Tubungan,0603046048
Zone I (Pob.),Tubungan,0603046010
Zone II (Pob.),Tubungan,0603046011
Zone III (Pob.),Tubungan,0603046012
Balud I,Zarraga,0603047002
Balud II,Zarraga,0603047003
Balud Lilo-an,Zarraga,0603047001
Dawis Centro,Zarraga,0603047004
Dawis Norte,Zarraga,0603047005
Dawis Sur,Zarraga,0603047006
Gines,Zarraga,0603047007
Ilawod Poblacion,Zarraga,0603047016
Ilaya Poblacion,Zarraga,0603047017
Inagdangan Centro,Zarraga,0603047008
Inagdangan Norte,Zarraga,0603047009
Inagdangan Sur,Zarraga,0603047010
Jalaud Norte,Zarraga,0603047011
Jalaud Sur,Zarraga,0603047012
Libongcogon,Zarraga,0603047013
Malunang,Zarraga,0603047014
Pajo,Zarraga,0603047015
Sambag,Zarraga,0603047018
Sigangao,Zarraga,0603047019
Talauguis,Zarraga,0603047020
Talibong,Zarraga,0603047021
Tubigan,Zarraga,0603047022
Tuburan,Zarraga,0603047023
Tuburan Sulbod,Zarraga,0603047024
