date,cpi_all_items,cpi_housing_utilities,cpi_repair_materials,source_base
2013-01-01,3.764,4.6012,3.7449,2012-based
2013-02-01,3.8579,5.5215,3.7412,2012-based
2013-03-01,3.5497,4.6939,3.7374,2012-based
2013-04-01,2.8169,4.1206,3.8306,2012-based
2013-05-01,2.8112,3.6108,3.9275,2012-based
2013-06-01,3.006,3.7186,3.4068,2012-based
2013-07-01,3.4068,4.1331,3.4034,2012-based
2013-08-01,2.8741,2.4606,3.4,2012-based
2013-09-01,2.9674,2.5465,2.9851,2012-based
2013-10-01,2.6654,3.0512,2.7805,2012-based
2013-11-01,2.86,3.5644,3.2512,2012-based
2013-12-01,3.9448,3.1342,2.6393,2012-based
2014-01-01,3.9216,2.9326,2.3415,2012-based
2014-02-01,3.7146,1.938,2.924,2012-based
2014-03-01,3.8198,2.729,3.1159,2012-based
2014-04-01,4.2074,4.7297,2.9126,2012-based
2014-05-01,4.1992,5.0339,2.8101,2012-based
2014-06-01,4.572,5.9109,3.1008,2012-based
2014-07-01,5.1357,7.1636,3.3882,2012-based
2014-08-01,4.3353,3.8425,3.675,2012-based
2014-09-01,4.2267,3.5339,3.5749,2012-based
2014-10-01,4.0385,2.5788,3.7681,2012-based
2014-11-01,4.1227,4.1109,2.4809,2012-based
2014-12-01,2.7514,2.0893,2.381,2012-based
2015-01-01,2.6415,3.6087,2.4786,2012-based
2015-02-01,2.4505,3.9924,1.9886,2012-based
2015-03-01,2.5472,4.5541,1.7941,2012-based
2015-04-01,2.1596,1.1982,1.8868,2012-based
2015-05-01,2.0619,1.4747,1.7908,2012-based
2015-06-01,1.2093,-0.366,1.6917,2012-based
2015-07-01,0.4608,-1.2647,1.4981,2012-based
2015-08-01,0.6464,1.6651,1.306,2012-based
2015-09-01,0.3687,1.0148,1.4925,2012-based
2015-10-01,1.2939,2.6071,1.3966,2012-based
2015-11-01,1.1971,1.3774,1.5829,2012-based
2015-12-01,1.662,2.6047,1.5814,2012-based
2016-01-01,1.1029,1.3749,1.8605,2012-based
2016-02-01,0.92,0.9141,1.5785,2012-based
2016-03-01,0.644,0.1815,1.577,2012-based
2016-04-01,0.7353,0.6375,1.5741,2012-based
2016-05-01,0.6428,0.2725,1.5741,2012-based
2016-06-01,1.011,1.5611,1.3863,2012-based
2016-07-01,1.1009,1.0064,1.1993,2012-based
2016-08-01,1.1009,0.455,1.105,2012-based
2016-09-01,1.3774,0.4566,0.8272,2012-based
2016-10-01,1.0949,-0.0907,0.6428,2012-based
2016-11-01,1.1829,-0.0906,0.275,2012-based
2016-12-01,1.4532,0.1813,0.0916,2012-based
2017-01-01,1.3636,0.1808,-0.1826,2012-based
2017-02-01,1.8232,0.4529,-0.1828,2012-based
2017-03-01,1.9196,0.8152,-0.3653,2012-based
2017-04-01,1.8248,0.6335,-0.7293,2012-based
2017-05-01,1.7336,0.4529,-0.7293,2012-based
2017-06-01,1.5469,0.2712,-0.7293,2012-based
2017-07-01,1.3612,0.3623,-1.0027,2012-based
2017-08-01,1.5426,0.5435,-0.6375,2012-based
2017-09-01,1.9022,1.7273,-0.4558,2012-based
2017-10-01,1.8051,1.7257,-0.365,2012-based
2017-11-01,1.9784,2.1759,-0.2742,2012-based
2017-12-01,2.1486,2.1719,0.0915,2012-based
2018-01-01,3.8565,1.8051,-0.0915,2012-based
2018-02-01,4.3868,2.0739,0.3663,2012-based
2018-03-01,4.7534,1.7969,0.7333,2012-based
2018-04-01,5.2867,2.6079,1.0101,2012-based
2018-05-01,5.4709,3.5167,1.1938,2012-based
2018-06-01,6.0932,3.3363,1.2856,2012-based
2018-07-01,6.1773,4.2419,1.5654,2012-based
2018-08-01,7.4173,4.2342,1.1916,2012-based
2018-09-01,7.5556,4.1108,1.6484,2012-based
2018-10-01,7.7128,3.9286,1.7399,2012-based
2018-11-01,6.7019,2.8394,1.7415,2012-based
2018-12-01,5.6968,2.7458,0.9141,2012-based
2019-01-01,3.2821,2.3398,2.1123,2018-based
2019-02-01,2.7523,2.3279,1.3113,2018-based
2019-03-01,2.5484,2.7439,1.9739,2018-based
2019-04-01,2.1255,2.3256,1.8252,2018-based
2019-05-01,2.0161,2.0141,1.8182,2018-based
2019-06-01,2.2111,2.8141,1.8124,2018-based
2019-07-01,1.7964,2.2908,1.8035,2018-based
2019-08-01,0.59,2.0854,1.1999,2018-based
2019-09-01,0.0,0.59,2.1591,2018-based
2019-10-01,-0.0977,0.4907,2.0661,2018-based
2019-11-01,1.087,1.1846,1.9693,2018-based
2019-12-01,2.3833,1.4851,2.6265,2018-based
2020-01-01,3.8729,5.5666,2.6004,2018-based
2020-02-01,3.4722,4.8467,2.727,2018-based
2020-03-01,2.9821,2.7695,1.7374,2018-based
2020-04-01,2.2795,2.1739,1.6483,2018-based
2020-05-01,1.9763,1.8756,1.4453,2018-based
2020-06-01,1.7699,0.0,1.5047,2018-based
2020-07-01,1.7647,0.0,1.2438,2018-based
2020-08-01,1.4663,-0.0973,1.9853,2018-based
2020-09-01,1.3659,0.391,1.2527,2018-based
2020-10-01,1.8573,0.4883,1.2963,2018-based
2020-11-01,2.8348,0.4878,1.5142,2018-based
2020-12-01,2.6188,0.6829,1.4655,2018-based
2021-01-01,2.1989,-2.6365,1.5622,2018-based
2021-02-01,3.0681,-1.6038,1.4598,2018-based
2021-03-01,3.2819,1.155,1.8532,2018-based
2021-04-01,3.6822,1.9342,1.8463,2018-based
2021-05-01,3.3915,1.938,1.959,2018-based
2021-06-01,3.285,3.0303,1.5174,2018-based
2021-07-01,3.1792,3.0185,1.808,2018-based
2021-08-01,2.8902,0.9737,1.7221,2018-based
2021-09-01,2.7911,3.3106,1.9817,2018-based
2021-10-01,2.4952,1.7493,1.8718,2018-based
2021-11-01,2.4715,2.6214,1.7344,2018-based
2021-12-01,2.3629,2.4225,1.9497,2018-based
2022-01-01,3.087,2.9981,2.8861,2018-based
2022-02-01,1.7674,1.1505,2.6692,2018-based
2022-03-01,3.3645,2.8544,3.0364,2018-based
2022-04-01,3.4579,3.1309,3.3167,2018-based
2022-05-01,5.0609,3.6122,3.59,2018-based
2022-06-01,5.3321,0.9488,3.785,2018-based
2022-07-01,6.5359,2.0794,4.6214,2018-based
2022-08-01,7.2097,5.7859,5.0105,2018-based
2022-09-01,7.4906,4.147,5.9743,2018-based
2022-10-01,8.8951,10.3152,6.2282,2018-based
2022-11-01,8.9981,9.7446,6.3761,2018-based
2022-12-01,9.603,12.6774,6.9909,2018-based
2023-01-01,9.1652,11.3615,6.4077,2018-based
2023-02-01,9.872,11.4692,6.5903,2018-based
2023-03-01,8.2278,8.6031,5.9522,2018-based
2023-04-01,7.7687,7.7277,5.5873,2018-based
2023-05-01,6.512,6.1468,5.4682,2018-based
2023-06-01,6.3055,8.5526,5.4506,2018-based
2023-07-01,4.7327,5.7407,3.6038,2018-based
2023-08-01,5.2402,3.0082,3.1203,2018-based
2023-09-01,6.1847,1.3575,1.6331,2018-based
2023-10-01,4.1273,-3.0303,1.566,2018-based
2023-11-01,3.6596,-2.5862,1.601,2018-based
2023-12-01,2.9486,-5.6255,0.6552,2018-based
2024-01-01,1.7456,-5.2277,0.6093,2018-based
2024-02-01,2.7454,-2.381,1.108,2018-based
2024-03-01,3.5088,-2.2998,1.2987,2018-based
2024-04-01,3.9396,-2.3057,1.7301,2018-based
2024-05-01,4.2714,-0.0864,1.5138,2018-based
2024-06-01,4.8454,2.2511,1.4069,2018-based
2024-07-01,4.5188,-0.4378,2.6507,2018-based
2024-08-01,4.9793,6.1947,2.775,2018-based
2024-09-01,3.2814,6.6964,2.9129,2018-based
2024-10-01,4.1288,7.4107,2.7646,2018-based
2024-11-01,3.3662,4.6018,2.3972,2018-based
2024-12-01,3.3552,6.2278,2.4446,2018-based
2025-01-01,4.0033,4.9822,2.2634,2018-based
2025-02-01,3.0769,3.1359,1.4311,2018-based
2025-03-01,2.5827,4.0976,1.5625,2018-based
2025-04-01,1.7742,4.6329,1.5376,2018-based
2025-05-01,1.5261,4.6713,1.2727,2018-based
2025-06-01,0.6375,1.0161,1.3658,2018-based
2025-07-01,0.5604,3.518,1.9398,2018-based
2025-08-01,-0.3162,-1.75,1.4206,2018-based
2025-09-01,0.2383,-0.3347,1.5653,2018-based
2025-10-01,0.7137,1.0806,1.6403,2018-based
2025-11-01,1.0326,0.5922,1.6362,2018-based
2025-12-01,1.8211,0.5863,1.1718,2018-based
2026-01-01,2.2781,2.6271,1.3239,2018-based
2026-02-01,2.9851,3.4628,2.4758,2018-based
2026-03-01,3.5405,1.005,1.6383,2018-based
2026-04-01,6.5769,3.3417,2.0313,2018-based
2026-05-01,6.8038,1.9835,3.9629,2018-based
2026-06-01,6.8092,3.772,5.7578,2018-based
2026-07-01,7.8025,7.3067,4.7679,2018-based
2026-08-01,8.406,8.9059,5.4375,2018-based
